EntryPrice,win_loss,long_short,entry_month,entry_date,entry_day,entry_hour
1.3566,loss,short,4,23,0,8
1.3566,loss,short,4,23,0,8
1.3568,loss,short,4,24,1,0
1.3568,loss,short,4,24,1,0
1.3568,loss,short,4,24,1,0
1.36015,loss,short,4,26,3,12
1.36015,loss,short,4,26,3,12
1.36015,win,short,4,26,3,12
1.36125,win,short,4,30,0,4
1.36125,win,short,4,30,0,4
1.36172,win,short,5,1,1,12
1.36172,win,short,5,1,1,12
1.35537,loss,short,5,3,3,12
1.35537,win,short,5,3,3,12
1.35537,win,short,5,3,3,12
1.35262,win,short,5,8,1,8
1.35262,win,short,5,8,1,8
1.35262,win,short,5,8,1,8
1.35262,win,short,5,8,1,8
1.3457,win,short,6,7,3,8
1.34455,win,short,6,3,6,20
1.34329,win,short,6,1,4,4
1.34229,win,short,5,30,2,4
1.34435,win,short,5,29,1,16
1.34227,win,short,5,28,0,20
1.34465,win,short,5,27,6,12
1.34565,win,short,5,23,2,16
1.35033,win,short,5,21,0,0
1.35211,win,short,5,16,2,16
1.35936,win,short,5,15,1,8
1.35262,win,short,5,8,1,8
1.33768,win,long,6,15,4,12
1.33788,win,long,6,21,3,4
1.33788,win,long,6,21,3,4
1.33903,loss,short,6,21,3,16
1.34254,loss,long,6,22,4,4
1.34383,loss,short,6,27,2,4
1.34383,loss,short,6,27,2,4
1.34428,loss,short,6,27,2,12
1.34428,loss,short,6,27,2,12
1.34428,loss,short,6,27,2,12
1.34446,loss,short,6,28,3,16
1.37272,win,short,7,25,2,4
1.34522,loss,short,6,29,4,0
1.34446,loss,short,6,28,3,16
1.36992,loss,long,7,31,1,0
1.38007,loss,long,8,3,4,12
1.37007,win,long,8,2,3,16
1.36992,win,long,7,31,1,0
1.37548,loss,short,8,7,1,20
1.37059,win,short,8,9,3,8
1.37704,win,short,8,8,2,4
1.37548,win,short,8,7,1,20
1.34739,loss,long,8,17,4,12
1.34739,win,long,8,17,4,12
1.34888,loss,short,8,20,0,4
1.34876,loss,long,8,21,1,8
1.34526,loss,short,8,21,1,16
1.34526,loss,short,8,21,1,16
1.3574,loss,short,8,28,1,20
1.3574,loss,short,8,28,1,20
1.3635,loss,short,8,30,3,8
1.3635,loss,short,8,30,3,8
1.36276,loss,short,9,2,6,12
1.36276,loss,short,9,2,6,12
1.36276,loss,short,9,2,6,12
1.36239,loss,short,9,3,0,12
1.359,loss,short,9,5,2,4
1.41198,win,short,10,8,0,0
1.41052,win,short,10,3,2,12
1.41518,win,short,10,2,1,8
1.38655,loss,short,9,18,1,4
1.36239,loss,short,9,3,0,12
1.41464,win,long,10,10,2,4
1.41565,loss,short,10,16,1,8
1.41565,loss,short,10,16,1,8
1.41842,loss,short,10,17,2,0
1.41842,loss,short,10,17,2,0
1.41842,loss,short,10,17,2,0
1.41938,loss,short,10,17,2,8
1.41938,loss,short,10,17,2,8
1.41444,loss,short,10,22,0,8
1.41444,loss,short,10,22,0,8
1.41444,loss,short,10,22,0,8
1.42267,loss,short,10,24,2,8
1.42267,loss,short,10,24,2,8
1.42267,loss,short,10,24,2,8
1.45535,loss,short,11,12,0,8
1.45535,loss,short,11,12,0,8
1.45535,loss,short,11,12,0,8
1.45535,loss,short,11,12,0,8
1.46067,loss,short,11,13,1,8
1.46611,win,short,12,5,2,8
1.47353,win,short,11,29,3,4
1.48124,win,short,11,28,2,0
1.47966,win,short,11,23,4,8
1.46695,win,short,11,20,1,0
1.46143,loss,short,11,15,3,16
1.46264,loss,short,11,15,3,8
1.46067,loss,short,11,13,1,8
1.47225,loss,long,12,10,0,8
1.47225,loss,long,12,10,0,8
1.46957,loss,long,12,12,2,4
1.44135,win,long,12,26,2,0
1.43982,win,long,12,24,0,12
1.47116,loss,long,12,12,2,16
1.46957,loss,long,12,12,2,4
1.45916,loss,short,12,31,0,20
1.45916,loss,short,12,31,0,20
1.4588,loss,short,1,1,1,8
1.4588,loss,short,1,1,1,8
1.4588,loss,short,1,1,1,8
1.47175,win,short,1,7,0,8
1.47175,loss,short,1,7,0,8
1.46892,loss,short,1,7,0,16
1.46892,loss,short,1,7,0,16
1.4651,loss,short,1,9,2,12
1.4651,loss,short,1,9,2,12
1.48276,loss,short,1,15,1,20
1.46515,win,short,1,16,2,16
1.48075,win,short,1,16,2,8
1.48276,win,short,1,15,1,20
1.46692,loss,long,1,22,1,16
1.46692,win,long,1,22,1,16
1.46131,win,long,1,23,2,20
1.46131,win,long,1,23,2,20
1.46131,loss,long,1,23,2,20
1.46865,loss,long,1,27,6,16
1.46865,loss,long,1,27,6,16
1.47107,win,long,2,20,2,16
1.45907,win,long,2,14,3,8
1.45689,win,long,2,13,2,16
1.4537,win,long,2,13,2,8
1.45885,win,long,2,12,1,12
1.4815,loss,long,2,4,0,4
1.46865,win,long,1,27,6,16
1.53142,loss,short,3,11,1,12
1.53142,loss,short,3,11,1,12
1.56738,loss,short,3,18,1,20
1.56738,win,short,3,18,1,20
1.56378,win,short,3,19,2,16
1.56378,loss,short,3,19,2,16
1.56378,loss,short,3,19,2,16
1.56386,loss,short,4,1,1,4
1.56386,loss,short,4,1,1,4
1.56443,loss,short,4,3,3,0
1.56443,loss,short,4,3,3,0
1.56704,loss,short,4,7,0,0
1.56704,loss,short,4,7,0,0
1.56913,loss,long,4,8,1,16
1.56952,loss,short,4,8,1,20
1.57156,loss,long,4,9,2,4
1.57668,loss,short,4,10,3,20
1.57668,loss,short,4,10,3,20
1.57182,loss,short,4,13,6,20
1.57182,loss,short,4,13,6,20
1.57917,loss,short,4,15,1,20
1.57917,loss,short,4,15,1,20
1.57917,loss,short,4,15,1,20
1.57316,loss,short,4,18,4,8
1.58552,win,short,4,23,2,20
1.58935,win,short,4,23,2,12
1.59281,win,short,4,22,1,4
1.57316,win,short,4,18,4,8
1.55232,win,short,5,1,3,4
1.54933,win,long,5,6,1,0
1.54933,loss,long,5,6,1,0
1.55295,loss,long,5,6,1,12
1.55295,loss,long,5,6,1,12
1.54586,loss,long,5,9,4,4
1.54586,loss,long,5,9,4,4
1.54586,loss,long,5,9,4,4
1.54831,loss,long,5,11,6,12
1.54831,win,long,5,11,6,12
1.55389,loss,long,5,12,0,12
1.55389,loss,long,5,12,0,12
1.55389,loss,long,5,12,0,12
1.54772,win,long,5,13,1,12
1.55361,win,long,5,19,0,20
1.55805,win,long,5,16,4,12
1.54738,win,long,5,16,4,0
1.54987,win,long,5,15,3,4
1.54772,win,long,5,13,1,12
1.56978,win,short,5,27,1,12
1.56257,win,short,5,28,2,8
1.56978,win,short,5,27,1,12
1.54597,win,long,6,3,1,8
1.55897,win,long,6,5,3,12
1.54597,win,long,6,3,1,8
1.55832,win,short,6,10,1,0
1.55832,win,short,6,10,1,0
1.54748,loss,short,6,11,2,20
1.54748,loss,short,6,11,2,20
1.55275,loss,long,6,18,2,12
1.5486,loss,short,6,19,3,8
1.55072,loss,long,6,19,3,20
1.5483,loss,short,6,23,0,8
1.55638,win,long,6,25,2,8
1.55542,win,long,6,24,1,4
1.56965,loss,short,7,3,3,12
1.56965,loss,short,7,3,3,12
1.56825,loss,short,7,8,1,0
1.56825,loss,short,7,8,1,0
1.57796,win,long,7,10,3,12
1.58088,loss,short,7,16,2,12
1.58088,loss,short,7,16,2,12
1.58088,loss,short,7,16,2,12
1.5848,loss,short,7,17,3,4
1.5848,loss,short,7,17,3,4
1.5848,loss,short,7,17,3,4
1.58513,loss,short,7,17,3,16
1.57829,win,short,7,22,1,12
1.58418,win,short,7,20,6,12
1.58506,win,short,7,18,4,8
1.58664,win,short,7,18,4,0
1.58513,win,short,7,17,3,16
1.56924,loss,short,7,25,4,12
1.56924,loss,short,7,25,4,12
1.57395,loss,long,7,28,0,16
1.57395,loss,long,7,28,0,16
1.57464,loss,long,7,29,1,0
1.57464,loss,long,7,29,1,0
1.5586,loss,long,8,4,0,12
1.47478,loss,short,8,20,2,0
1.47803,win,short,8,24,6,12
1.47478,win,short,8,20,2,0
1.47066,loss,long,8,27,2,8
1.47066,loss,long,8,27,2,8
1.47913,loss,long,8,28,3,0
1.47913,loss,long,8,28,3,0
1.47197,loss,long,8,29,4,0
1.47197,loss,long,8,29,4,0
1.42194,win,short,9,8,0,4
1.42149,win,long,9,12,4,12
1.41491,loss,short,9,16,1,12
1.41491,loss,short,9,16,1,12
1.42257,loss,short,9,19,4,0
1.42257,loss,short,9,19,4,0
1.46696,loss,long,9,25,3,20
1.44961,win,short,9,28,6,20
1.46046,win,short,9,26,4,8
1.36562,win,short,10,9,3,12
1.36515,win,short,10,13,0,0
1.36515,loss,short,10,13,0,0
1.36156,loss,short,10,13,0,16
1.36156,loss,short,10,13,0,16
1.36106,loss,long,10,14,1,16
1.3617,win,short,10,15,2,0
1.358,loss,long,10,15,2,8
1.35133,win,short,10,15,2,12
1.34426,loss,long,10,20,0,4
1.33077,win,short,10,20,0,8
1.27185,win,long,10,28,1,20
1.27185,loss,long,10,28,1,20
1.28635,loss,long,11,3,0,0
1.28635,loss,long,11,3,0,0
1.2982,loss,long,11,4,1,12
1.2982,loss,long,11,4,1,12
1.2982,loss,long,11,4,1,12
1.2816,loss,long,11,6,3,8
1.2816,loss,long,11,6,3,8
1.2833,loss,long,11,10,0,0
1.2833,loss,long,11,10,0,0
1.27515,loss,long,11,13,3,20
1.27515,loss,long,11,13,3,20
1.27515,loss,long,11,13,3,20
1.2674,loss,long,11,17,0,8
1.2674,win,long,11,17,0,8
1.26165,win,long,11,18,1,12
1.26165,loss,long,11,18,1,12
1.2589,loss,long,11,19,2,12
1.2589,loss,long,11,19,2,12
1.25675,win,long,11,21,4,8
1.26065,win,long,11,23,6,16
1.25675,win,long,11,21,4,8
1.2697,loss,short,11,28,4,12
1.2697,loss,short,11,28,4,12
1.2641,loss,short,12,5,4,12
1.25963,loss,short,12,4,3,4
1.2645,loss,short,12,3,2,4
1.27214,loss,short,12,2,1,16
1.2697,loss,short,11,28,4,12
1.38755,loss,short,12,19,4,12
1.38755,loss,short,12,19,4,12
1.38755,loss,short,12,19,4,12
1.39443,loss,short,12,22,0,16
1.39443,loss,short,12,22,0,16
1.3968,loss,short,12,23,1,20
1.3968,loss,short,12,23,1,20
1.3968,loss,short,12,23,1,20
1.4098,win,short,12,29,0,20
1.40043,win,short,1,1,3,16
1.39735,win,short,12,31,2,8
1.41346,win,short,12,31,2,0
1.41925,win,short,12,30,1,4
1.4098,win,short,12,29,0,20
1.36985,loss,long,1,8,3,12
1.36985,loss,long,1,8,3,12
1.35175,loss,long,1,9,4,8
1.35175,loss,long,1,9,4,8
1.32575,loss,long,1,16,4,12
1.32575,loss,long,1,16,4,12
1.32575,loss,long,1,16,4,12
1.33455,loss,long,1,18,6,20
1.33455,loss,long,1,18,6,20
1.29621,win,long,1,25,6,12
1.29621,loss,long,1,25,6,12
1.3141,loss,long,1,26,0,12
1.3141,loss,long,1,26,0,12
1.3141,loss,long,1,26,0,12
1.29555,loss,long,2,3,1,12
1.29555,loss,long,2,3,1,12
1.2961,loss,long,2,8,6,12
1.2961,loss,long,2,8,6,12
1.2961,loss,long,2,8,6,12
1.2993,loss,long,2,10,1,8
1.2946,loss,long,2,11,2,4
1.2946,loss,long,2,11,2,4
1.2946,loss,long,2,11,2,4
1.28955,loss,long,2,13,4,4
1.28955,loss,long,2,13,4,4
1.27793,loss,long,2,15,6,12
1.27793,loss,long,2,15,6,12
1.2682,loss,long,2,19,3,12
1.2682,win,long,2,19,3,12
1.2682,win,long,2,19,3,12
1.2804,loss,long,2,22,6,12
1.2804,loss,long,2,22,6,12
1.2804,loss,long,2,22,6,12
1.2804,loss,long,2,22,6,12
1.27432,loss,long,2,24,1,8
1.2781,win,long,3,11,2,8
1.27035,win,long,3,10,1,20
1.2708,win,long,3,10,1,0
1.2679,win,long,3,6,4,4
1.2593,win,long,3,4,2,20
1.2735,win,long,2,26,3,16
1.2869,win,long,2,24,1,16
1.27432,win,long,2,24,1,8
1.34661,loss,short,3,25,2,0
1.34661,loss,short,3,25,2,0
1.35315,loss,short,3,26,3,16
1.3308,win,short,3,27,4,8
1.35315,win,short,3,26,3,16
1.3442,win,long,4,2,3,8
1.3404,win,short,4,6,0,16
1.3404,win,short,4,6,0,16
1.3404,win,short,4,6,0,16
1.33835,win,short,4,7,1,0
1.3188,win,short,4,15,2,12
1.3214,win,short,4,15,2,0
1.3206,win,short,4,9,3,8
1.33835,win,short,4,7,1,0
1.3002,loss,long,4,22,2,16
1.30475,win,long,4,23,3,4
1.3002,win,long,4,22,2,16
1.3018,loss,short,4,27,0,16
1.3018,loss,short,4,27,0,16
1.3373,loss,long,5,4,0,12
1.3288,loss,short,5,6,2,0
1.3299,win,long,5,6,2,8
1.34105,win,long,5,7,3,8
1.3311,win,long,5,6,2,16
1.3299,win,long,5,6,2,8
1.36505,loss,long,5,14,3,12
1.36505,loss,long,5,14,3,12
1.3475,loss,long,5,15,4,12
1.35563,win,long,5,18,0,20
1.3475,win,long,5,15,4,12
1.39865,loss,short,5,26,1,8
1.39865,win,short,5,26,1,8
1.38395,loss,short,5,27,2,20
1.38395,loss,short,5,27,2,20
1.4154,loss,short,6,3,2,16
1.4154,loss,short,6,3,2,16
1.4178,loss,long,6,4,3,12
1.3962,win,short,6,5,4,12
1.4058,loss,long,6,9,1,16
1.4058,win,long,6,9,1,16
1.40175,win,long,6,11,3,0
1.40175,loss,long,6,11,3,0
1.4128,loss,long,6,11,3,12
1.4128,loss,long,6,11,3,12
1.38617,loss,short,6,17,2,8
1.39345,loss,long,6,17,2,16
1.39345,loss,long,6,17,2,16
1.3891,loss,long,6,18,3,12
1.40085,win,long,6,23,1,8
1.39468,win,long,6,21,6,12
1.3925,win,long,6,19,4,8
1.3891,win,long,6,18,3,12
1.3939,loss,short,6,24,2,16
1.3939,loss,short,6,24,2,16
1.3904,loss,short,6,25,3,8
1.3904,loss,short,6,25,3,8
1.3904,loss,short,6,25,3,8
1.40616,win,short,7,1,2,0
1.40616,win,short,7,1,2,0
1.40616,win,short,7,1,2,0
1.40152,win,short,7,2,3,8
1.40152,win,short,7,2,3,8
1.40152,win,short,7,2,3,8
1.39111,loss,short,7,7,1,16
1.39111,loss,short,7,7,1,16
1.38994,loss,short,7,10,4,4
1.38994,loss,short,7,10,4,4
1.39628,loss,short,7,12,6,16
1.41759,win,short,7,28,1,12
1.41465,win,short,7,23,3,20
1.39352,loss,short,7,14,1,12
1.39236,loss,short,7,13,0,0
1.39628,loss,short,7,12,6,16
1.41316,loss,short,7,31,4,4
1.41316,loss,short,7,31,4,4
1.43549,loss,long,8,6,3,20
1.41695,loss,short,8,7,4,12
1.42096,loss,long,8,12,2,12
1.42096,win,long,8,12,2,12
1.42096,win,long,8,12,2,12
1.42361,win,long,8,13,3,0
1.42361,win,long,8,13,3,0
1.42397,loss,long,8,19,2,12
1.42397,win,long,8,19,2,12
1.42397,win,long,8,19,2,12
1.43271,loss,long,8,25,1,8
1.43271,loss,long,8,25,1,8
1.43461,loss,long,8,27,3,16
1.4328,loss,long,8,31,0,12
1.4328,loss,long,8,31,0,12
1.43022,loss,long,9,3,3,4
1.43022,loss,long,9,3,3,4
1.42972,win,long,9,6,6,12
1.42598,win,long,9,4,4,4
1.43022,win,long,9,3,3,4
1.46594,loss,short,9,21,0,4
1.46594,loss,short,9,21,0,4
1.47245,loss,short,9,23,2,20
1.47245,win,short,9,23,2,20
1.46521,loss,short,9,24,3,12
1.46521,win,short,9,24,3,12
1.46521,win,short,9,24,3,12
1.46521,loss,short,9,24,3,12
1.46274,loss,short,9,28,0,0
1.46274,loss,short,9,28,0,0
1.46274,loss,short,9,28,0,0
1.46439,loss,short,9,30,2,12
1.46439,loss,short,9,30,2,12
1.45456,loss,short,10,1,3,4
1.48638,win,short,10,26,0,16
1.49194,win,short,10,19,0,0
1.46941,loss,short,10,12,0,0
1.45773,loss,short,10,4,6,12
1.45456,loss,short,10,1,3,4
1.47259,loss,short,10,30,4,12
1.47259,loss,short,10,30,4,12
1.47259,loss,short,10,30,4,12
1.46408,loss,short,11,3,1,4
1.46408,loss,short,11,3,1,4
1.46408,loss,short,11,3,1,4
1.46408,loss,short,11,3,1,4
1.48628,loss,short,11,12,3,12
1.48628,loss,short,11,12,3,12
1.48369,loss,short,12,4,4,12
1.49319,win,short,11,27,4,0
1.48437,loss,short,11,20,4,8
1.49075,win,short,11,20,4,0
1.48724,win,short,11,19,3,4
1.48649,win,short,11,17,1,8
1.49183,win,short,11,15,6,16
1.48628,win,short,11,12,3,12
1.4328,win,long,12,23,2,16
1.4328,win,long,12,23,2,16
1.4358,win,long,12,24,3,0
1.4358,loss,long,12,24,3,0
1.44159,loss,long,12,29,1,4
1.44159,loss,long,12,29,1,4
1.44159,loss,long,12,29,1,4
1.44377,loss,long,12,31,3,0
1.44377,loss,long,12,31,3,0
1.4422,loss,long,1,4,0,8
1.4422,loss,long,1,4,0,8
1.44005,loss,long,1,6,2,16
1.44005,win,long,1,6,2,16
1.44234,win,long,1,8,4,12
1.44234,loss,long,1,8,4,12
1.44234,loss,long,1,8,4,12
1.44975,loss,long,1,14,3,16
1.44975,loss,long,1,14,3,16
1.39636,loss,long,2,2,1,16
1.39636,loss,long,2,2,1,16
1.39636,loss,long,2,2,1,16
1.39945,loss,long,2,3,2,4
1.39945,loss,long,2,3,2,4
1.37945,loss,long,2,9,1,16
1.37945,loss,long,2,9,1,16
1.37746,loss,long,2,11,3,0
1.37746,loss,long,2,11,3,0
1.37578,loss,long,2,16,1,16
1.37578,loss,long,2,16,1,16
1.37578,loss,long,2,16,1,16
1.36441,loss,long,2,21,6,20
1.36441,loss,long,2,21,6,20
1.36441,loss,long,2,21,6,20
1.35987,loss,long,2,23,1,4
1.35987,loss,long,2,23,1,4
1.35388,win,long,2,25,3,16
1.35388,win,long,2,25,3,16
1.35729,win,long,2,26,4,0
1.3654,win,long,3,10,2,16
1.36316,win,long,3,7,6,12
1.36043,win,long,3,2,1,16
1.35729,win,long,2,26,4,0
1.36696,loss,short,3,15,0,16
1.36844,win,short,3,18,3,4
1.36696,win,short,3,15,0,16
1.34257,loss,long,3,28,6,20
1.34257,win,long,3,28,6,20
1.35281,loss,long,3,31,2,8
1.35281,loss,long,3,31,2,8
1.34612,loss,long,4,5,0,0
1.34612,win,long,4,5,0,0
1.34432,win,long,4,9,4,8
1.34828,win,long,4,5,0,12
1.34612,win,long,4,5,0,0
1.34398,win,short,4,20,1,12
1.35304,win,short,4,16,4,0
1.35638,win,short,4,15,3,8
1.33731,loss,short,4,25,6,20
1.33731,win,short,4,25,6,20
1.33233,loss,short,4,26,0,8
1.32229,win,short,5,3,0,0
1.33074,win,short,4,27,1,4
1.33233,win,short,4,26,0,8
1.29737,loss,long,5,10,0,0
1.29737,loss,long,5,10,0,0
1.24195,win,short,5,20,3,0
1.24195,loss,short,5,20,3,0
1.23323,loss,short,5,20,3,8
1.23323,loss,short,5,20,3,8
1.23763,loss,short,5,24,0,8
1.23763,loss,short,5,24,0,8
1.23763,win,short,5,24,0,8
1.22034,win,short,6,3,3,8
1.22329,win,short,6,1,1,16
1.22553,win,short,5,31,0,20
1.22912,win,short,5,31,0,4
1.22748,win,short,5,30,6,12
1.23497,win,short,5,28,4,0
1.22634,win,short,5,27,3,8
1.23763,win,short,5,24,0,8
1.19843,win,long,6,9,2,12
1.20442,win,long,6,10,3,4
1.19843,win,long,6,9,2,12
1.23143,loss,short,6,21,0,16
1.23143,loss,short,6,21,0,16
1.23158,loss,short,6,24,3,8
1.23158,loss,short,6,24,3,8
1.22901,loss,short,6,25,4,8
1.22901,win,short,6,25,4,8
1.22901,loss,short,6,25,4,8
1.22676,loss,short,6,28,0,16
1.22676,loss,short,6,28,0,16
1.2242,loss,short,6,30,2,12
1.2242,loss,short,6,30,2,12
1.25882,loss,short,7,12,0,0
1.25882,loss,short,7,12,0,0
1.28186,loss,short,7,21,2,8
1.28186,loss,short,7,21,2,8
1.29191,loss,short,7,23,4,12
1.29191,loss,short,7,23,4,12
1.32166,win,short,8,5,3,4
1.31176,win,short,8,10,1,20
1.31575,win,short,8,10,1,0
1.32166,win,short,8,5,3,4
1.28362,loss,short,8,18,2,0
1.28362,win,short,8,18,2,0
1.28604,win,short,8,18,2,12
1.28057,win,short,8,19,3,16
1.27984,win,short,8,18,2,20
1.28604,win,short,8,18,2,12
1.27032,loss,long,8,26,3,4
1.27032,loss,long,8,26,3,4
1.27972,win,long,9,1,2,4
1.2664,win,long,8,31,1,12
1.27181,win,long,8,27,4,8
1.27112,win,long,8,26,3,20
1.27032,win,long,8,26,3,4
1.28057,win,short,9,7,1,0
1.28139,win,long,9,13,0,0
1.38763,loss,short,10,11,0,20
1.38763,loss,short,10,11,0,20
1.398,win,short,10,17,6,12
1.398,win,short,10,17,6,12
1.39343,loss,short,10,18,0,20
1.39343,loss,short,10,18,0,20
1.39343,loss,short,10,18,0,20
1.39293,loss,short,10,22,4,0
1.39293,win,short,10,22,4,0
1.39293,loss,short,10,22,4,0
1.40581,win,short,11,7,6,12
1.38864,win,short,11,1,0,12
1.38938,win,short,10,29,4,8
1.38463,win,short,10,26,1,12
1.39495,win,short,10,25,0,20
1.39254,win,short,10,22,4,8
1.39293,win,short,10,22,4,0
1.36255,loss,long,11,18,3,8
1.3214,win,long,12,2,3,16
1.31617,win,long,12,2,3,8
1.36255,loss,long,11,18,3,8
1.33166,loss,long,12,6,0,12
1.33166,loss,long,12,6,0,12
1.32919,loss,long,12,9,3,0
1.32919,loss,long,12,9,3,0
1.32041,loss,short,12,10,4,8
1.34164,loss,long,12,13,0,12
1.33022,win,short,12,15,2,4
1.33022,loss,short,12,15,2,4
1.322,loss,short,12,15,2,16
1.322,win,short,12,15,2,16
1.31707,loss,short,12,17,4,12
1.31707,loss,short,12,17,4,12
1.32731,win,short,1,5,2,0
1.31027,win,short,12,28,1,12
1.31707,win,short,12,17,4,12
1.29862,loss,short,1,12,2,4
1.29862,loss,short,1,12,2,4
1.35866,loss,short,1,30,6,12
1.36158,win,short,2,3,3,12
1.35866,loss,short,1,30,6,12
1.3625,win,long,2,8,1,8
1.3625,win,long,2,8,1,8
1.36174,win,long,2,9,2,4
1.36174,loss,long,2,9,2,4
1.37232,loss,long,2,9,2,12
1.37232,loss,long,2,9,2,12
1.37232,loss,long,2,9,2,12
1.35223,win,long,2,16,2,4
1.35223,win,long,2,16,2,4
1.38623,win,long,3,2,2,8
1.37529,win,long,2,27,6,12
1.36823,win,long,2,22,1,8
1.36979,win,long,2,18,4,12
1.35613,win,long,2,16,2,16
1.35223,win,long,2,16,2,4
1.3873,loss,short,3,8,1,8
1.3873,loss,short,3,8,1,8
1.38449,loss,short,3,10,3,4
1.38449,loss,short,3,10,3,4
1.38449,loss,short,3,10,3,4
1.39657,loss,short,3,15,1,8
1.39657,loss,short,3,15,1,8
1.39657,loss,short,3,15,1,8
1.39125,loss,short,3,16,2,16
1.39125,loss,short,3,16,2,16
1.41005,loss,short,3,23,2,16
1.41005,loss,short,3,23,2,16
1.41005,loss,short,3,23,2,16
1.40353,loss,short,3,27,6,12
1.4435,win,short,4,15,4,12
1.4459,win,short,4,14,3,8
1.42038,loss,short,4,5,1,8
1.40626,loss,short,3,30,2,0
1.4067,loss,short,3,29,1,8
1.40353,loss,short,3,27,6,12
1.44173,win,long,4,20,2,0
1.46172,win,long,4,26,1,4
1.48419,win,short,5,3,1,8
1.48419,loss,short,5,3,1,8
1.48535,loss,long,5,4,2,4
1.45204,loss,short,5,5,3,12
1.41574,loss,short,5,16,0,16
1.41574,loss,short,5,16,0,16
1.42959,loss,long,5,18,2,20
1.41526,win,short,5,20,4,8
1.41622,loss,long,5,26,3,0
1.41308,win,long,5,26,3,16
1.41622,win,long,5,26,3,0
1.46258,loss,long,6,8,2,20
1.46258,loss,long,6,8,2,20
1.44672,loss,long,6,14,1,12
1.44672,loss,long,6,14,1,12
1.43142,loss,long,6,17,4,12
1.43142,loss,long,6,17,4,12
1.43142,win,long,6,17,4,12
1.43068,win,long,6,20,0,12
1.43068,loss,long,6,20,0,12
1.42641,loss,long,6,27,0,12
1.42641,loss,long,6,27,0,12
1.42641,loss,long,6,27,0,12
1.41441,loss,long,7,13,2,12
1.41441,win,long,7,13,2,12
1.41419,win,long,7,15,4,0
1.41419,win,long,7,15,4,0
1.41419,win,long,7,15,4,0
1.41419,win,long,7,15,4,0
1.41903,loss,long,7,19,1,8
1.41903,win,long,7,19,1,8
1.41903,loss,long,7,19,1,8
1.41903,win,long,7,19,1,8
1.41903,win,long,7,19,1,8
1.41903,win,long,7,19,1,8
1.4155,win,long,7,19,1,20
1.4155,win,long,7,19,1,20
1.4155,win,long,7,19,1,20
1.4155,win,long,7,19,1,20
1.4155,win,long,7,19,1,20
1.4155,win,long,7,19,1,20
1.44105,win,long,7,21,3,12
1.44105,loss,long,7,21,3,12
1.44105,loss,long,7,21,3,12
1.44935,loss,long,8,28,6,12
1.44371,loss,long,8,26,4,4
1.44445,loss,long,8,25,3,4
1.43971,loss,long,8,23,1,0
1.43798,loss,long,8,22,0,8
1.43537,loss,long,8,22,0,0
1.43867,loss,long,8,19,4,12
1.43528,loss,long,8,9,1,20
1.44127,loss,long,8,1,0,0
1.43625,loss,long,7,31,6,16
1.4362,loss,long,7,29,4,12
1.44105,loss,long,7,21,3,12
1.42718,loss,long,8,14,6,16
1.44152,loss,long,8,7,6,12
1.4293,loss,long,8,3,2,8
1.4267,loss,long,8,9,1,4
1.42135,loss,long,8,11,3,12
1.37235,loss,short,9,15,3,0
1.38503,loss,long,9,15,3,8
1.36883,loss,long,9,18,6,12
1.36883,loss,long,9,18,6,12
1.36621,win,short,9,21,2,4
1.36911,win,short,9,20,1,16
1.36471,loss,long,9,27,1,12
1.36471,loss,long,9,27,1,12
1.36144,loss,long,9,29,3,4
1.36144,loss,long,9,29,3,4
1.35106,win,short,9,30,4,0
1.33553,loss,short,10,5,2,12
1.33553,loss,short,10,5,2,12
1.33267,loss,short,10,5,2,20
1.33267,loss,short,10,5,2,20
1.33267,loss,short,10,5,2,20
1.33844,loss,short,10,9,6,16
1.33844,loss,short,10,9,6,16
1.33844,loss,short,10,9,6,16
1.33844,loss,short,10,9,6,16
1.37424,loss,short,10,17,0,16
1.37424,loss,short,10,17,0,16
1.37424,loss,short,10,17,0,16
1.3984,win,short,10,31,0,8
1.38962,win,short,10,26,2,12
1.37689,win,short,10,20,3,12
1.37079,win,short,10,20,3,0
1.37632,win,short,10,19,2,16
1.37757,win,short,10,18,1,20
1.36981,loss,short,10,18,1,4
1.37424,loss,short,10,17,0,16
1.38147,win,short,11,4,4,0
1.38147,loss,short,11,4,4,0
1.37761,loss,short,11,4,4,12
1.35631,win,short,11,9,2,8
1.37651,win,short,11,7,0,16
1.37722,win,short,11,7,0,0
1.37761,win,short,11,4,4,12
1.37551,loss,long,11,11,4,12
1.37551,loss,long,11,11,4,12
1.35098,loss,short,11,20,6,12
1.35193,loss,long,11,22,1,8
1.34713,win,short,11,23,2,0
1.33697,loss,long,11,28,0,8
1.33697,loss,long,11,28,0,8
1.33361,loss,long,11,29,1,8
1.33361,win,long,11,29,1,8
1.3429,loss,long,11,30,2,12
1.3429,loss,long,11,30,2,12
1.3429,loss,long,11,30,2,12
1.34693,loss,long,12,5,0,8
1.34693,loss,long,12,5,0,8
1.34427,loss,long,12,7,2,0
1.34427,loss,long,12,7,2,0
1.34002,loss,long,12,7,2,20
1.34002,loss,long,12,7,2,20
1.33537,win,short,12,11,6,20
1.33719,win,short,12,9,4,12
1.33292,win,short,12,8,3,8
1.31187,loss,long,12,20,1,8
1.31187,loss,long,12,20,1,8
1.30417,loss,short,12,21,2,20
1.30417,loss,short,12,21,2,20
1.3046,loss,short,12,22,3,8
1.3046,loss,short,12,22,3,8
1.3046,loss,short,12,23,4,12
1.3046,loss,short,12,23,4,12
1.30635,loss,short,12,26,0,20
1.30635,win,short,12,26,0,20
1.29843,loss,long,12,28,2,8
1.29455,win,short,12,28,2,12
1.29817,loss,long,1,3,1,0
1.29817,loss,long,1,3,1,0
1.28337,loss,long,1,12,3,12
1.27403,win,long,1,17,1,16
1.27175,win,long,1,17,1,8
1.27264,win,long,1,17,1,0
1.28337,win,long,1,12,3,12
1.30994,win,long,1,25,2,16
1.3089,loss,short,1,31,1,16
1.3089,loss,short,1,31,1,16
1.31735,loss,long,2,3,4,4
1.31414,win,short,2,3,4,12
1.3111,loss,long,2,5,6,12
1.3111,loss,long,2,5,6,12
1.31345,loss,short,2,7,1,4
1.31345,loss,short,2,7,1,4
1.31708,loss,short,2,10,4,12
1.31737,win,short,2,13,0,16
1.31708,win,short,2,10,4,12
1.31464,loss,short,2,17,4,4
1.33243,win,short,2,29,2,16
1.31464,loss,short,2,17,4,4
1.32406,loss,long,3,8,3,8
1.32406,loss,long,3,8,3,8
1.31625,loss,long,3,13,1,0
1.31625,loss,long,3,13,1,0
1.30866,loss,short,3,15,3,20
1.31708,loss,long,3,16,4,12
1.31648,loss,short,3,22,3,8
1.31979,win,long,3,23,4,0
1.31979,loss,long,3,23,4,0
1.32739,win,long,3,23,4,8
1.32739,loss,long,3,23,4,8
1.32739,loss,long,3,23,4,8
1.33149,loss,long,3,28,2,16
1.33149,loss,long,3,28,2,16
1.33149,loss,long,3,28,2,16
1.33494,loss,long,3,29,3,20
1.33494,loss,long,3,29,3,20
1.33494,loss,long,3,29,3,20
1.33494,loss,long,3,29,3,20
1.33253,loss,long,4,2,0,16
1.33253,loss,long,4,2,0,16
1.33253,loss,long,4,2,0,16
1.33253,loss,long,4,2,0,16
1.33393,loss,long,4,3,1,0
1.33253,loss,long,4,2,0,16
1.30899,loss,long,4,10,1,0
1.32376,loss,long,4,30,0,12
1.32596,loss,long,4,27,4,8
1.32214,loss,long,5,1,1,20
1.31721,loss,long,4,27,4,0
1.31624,loss,long,4,24,1,4
1.30899,loss,long,4,10,1,0
1.31507,loss,long,4,23,0,20
1.31333,loss,long,4,19,3,12
1.3125,loss,long,4,18,2,12
1.31396,loss,long,4,17,1,8
1.31343,loss,long,4,16,0,16
1.31329,loss,long,4,12,3,0
1.31437,loss,long,4,11,2,4
1.30899,loss,long,4,10,1,0
1.30771,loss,long,4,18,2,4
1.2755,loss,long,5,20,6,16
1.27742,loss,long,5,21,0,0
1.28103,loss,long,5,21,0,16
1.23954,loss,short,6,3,6,20
1.24916,loss,long,6,4,0,12
1.24638,win,short,6,5,1,8
1.24445,win,long,6,5,1,12
1.24445,win,long,6,5,1,12
1.24982,loss,long,6,6,2,0
1.24982,loss,long,6,6,2,0
1.26358,loss,long,6,10,6,16
1.25731,win,long,6,13,2,8
1.26358,win,long,6,10,6,16
1.25796,loss,short,6,18,0,12
1.25796,loss,short,6,18,0,12
1.25516,loss,short,6,21,3,12
1.25106,win,short,7,4,2,8
1.25516,win,short,6,21,3,12
1.22264,loss,short,7,16,0,0
1.22264,loss,short,7,16,0,0
1.22872,loss,short,7,17,1,12
1.22872,loss,short,7,17,1,12
1.22647,loss,short,7,18,2,8
1.22647,loss,short,7,18,2,8
1.22647,loss,short,7,18,2,8
1.22782,win,short,7,19,3,12
1.2232,win,short,7,20,4,4
1.22782,win,short,7,19,3,12
1.21579,win,short,7,25,2,12
1.21579,loss,short,7,25,2,12
1.22224,win,long,7,26,3,4
1.22588,loss,long,7,30,0,16
1.22588,loss,long,7,30,0,16
1.21584,win,long,8,2,3,8
1.21584,win,long,8,2,3,8
1.23401,loss,long,8,3,4,8
1.23401,loss,long,8,3,4,8
1.23401,loss,long,8,3,4,8
1.23846,loss,long,8,8,2,20
1.23846,loss,long,8,8,2,20
1.23507,loss,long,8,13,0,8
1.23507,loss,long,8,13,0,8
1.23507,loss,long,8,13,0,8
1.2286,win,long,8,15,2,4
1.2346,win,long,8,20,0,12
1.2338,win,long,8,19,6,16
1.23612,win,long,8,16,3,12
1.2286,win,long,8,15,2,4
1.25158,loss,long,8,27,0,8
1.25158,loss,long,8,27,0,8
1.25663,loss,long,8,28,1,8
1.25663,loss,long,8,28,1,8
1.26048,loss,long,8,31,4,8
1.25981,win,long,9,5,2,12
1.25643,win,long,9,4,1,16
1.26048,win,long,8,31,4,8
1.30569,loss,short,9,19,2,8
1.30569,win,short,9,19,2,8
1.29673,win,short,9,20,3,0
1.29673,win,short,9,20,3,0
1.29673,win,short,9,20,3,0
1.29898,win,short,9,21,4,12
1.29898,win,short,9,21,4,12
1.29898,win,short,9,21,4,12
1.28995,loss,short,9,25,1,16
1.28995,loss,short,9,25,1,16
1.28514,loss,short,9,28,4,12
1.29053,loss,short,10,3,2,4
1.29053,loss,short,10,3,2,4
1.28952,win,short,10,9,1,8
1.29669,win,short,10,8,0,16
1.29671,win,short,10,8,0,8
1.29053,win,short,10,3,2,4
1.29296,loss,long,10,11,3,12
1.29514,win,long,10,15,0,16
1.29352,win,long,10,15,0,8
1.29296,win,long,10,11,3,12
1.30227,loss,short,10,19,4,12
1.30227,loss,short,10,19,4,12
1.30549,loss,long,10,22,0,20
1.30062,win,short,10,23,1,4
1.2961,loss,long,10,30,1,8
1.2961,loss,long,10,30,1,8
1.29571,loss,long,11,1,3,0
1.29571,loss,long,11,1,3,0
1.29368,loss,long,11,1,3,12
1.29368,loss,long,11,1,3,12
1.29368,loss,long,11,1,3,12
1.28243,win,long,11,21,2,8
1.27657,win,long,11,19,0,0
1.2779,win,long,11,15,3,8
1.27368,win,long,11,15,3,0
1.27408,win,long,11,14,2,8
1.28426,win,long,11,7,2,4
1.29368,win,long,11,1,3,12
1.29314,loss,short,11,28,2,12
1.2956,win,short,12,6,3,12
1.29314,win,short,11,28,2,12
1.30079,win,long,12,11,1,12
1.32019,win,short,12,21,4,0
1.32019,loss,short,12,21,4,0
1.31794,loss,short,12,21,4,12
1.31794,loss,short,12,21,4,12
1.3183,loss,short,12,24,0,16
1.3183,loss,short,12,24,0,16
1.3183,loss,short,12,24,0,16
1.31872,loss,short,12,25,1,12
1.31872,loss,short,12,25,1,12
1.32269,win,short,12,28,4,8
1.32269,loss,short,12,28,4,8
1.32269,win,short,12,28,4,8
1.31909,win,short,12,31,0,0
1.31909,loss,short,12,31,0,0
1.32003,loss,short,12,31,0,16
1.32003,loss,short,12,31,0,16
1.32003,loss,short,12,31,0,16
1.31893,loss,short,1,2,2,16
1.30795,loss,short,1,8,1,12
1.30795,loss,short,1,8,1,12
1.33004,loss,short,1,16,2,12
1.33004,loss,short,1,16,2,12
1.33023,loss,long,1,17,3,0
1.33225,loss,short,1,20,6,20
1.33225,loss,short,1,20,6,20
1.33225,loss,short,1,20,6,20
1.33098,loss,short,1,21,0,8
1.33098,loss,short,1,21,0,8
1.33098,loss,short,1,21,0,8
1.33098,loss,short,1,21,0,8
1.33607,loss,short,1,22,1,0
1.33607,loss,short,1,22,1,0
1.33607,loss,short,1,22,1,0
1.33386,win,short,2,20,2,12
1.33317,win,short,2,14,3,4
1.34536,win,short,2,12,1,12
1.33984,win,short,2,7,3,12
1.3525,win,short,2,6,2,8
1.35808,win,short,2,5,1,12
1.35031,win,short,2,4,0,16
1.33097,win,short,1,23,2,16
1.33012,win,short,1,23,2,0
1.33139,win,short,1,22,1,12
1.33607,win,short,1,22,1,0
1.32855,loss,long,2,25,0,8
1.32855,loss,long,2,25,0,8
1.31025,win,short,2,28,3,8
1.30574,loss,long,3,6,2,0
1.30096,loss,short,3,6,2,8
1.30096,loss,short,3,6,2,8
1.29925,loss,short,3,8,4,12
1.29925,loss,short,3,8,4,12
1.3012,loss,short,3,12,1,4
1.3012,loss,short,3,12,1,4
1.30419,loss,long,3,13,2,0
1.2937,loss,short,3,13,2,8
1.3016,loss,long,3,14,3,20
1.29024,loss,short,3,17,6,20
1.29455,loss,long,3,20,2,12
1.29524,win,short,3,20,2,20
1.29524,loss,short,3,20,2,20
1.29161,loss,short,3,21,3,4
1.28633,win,short,3,25,0,12
1.29161,win,short,3,21,3,4
1.28481,loss,long,4,1,0,12
1.28481,loss,long,4,1,0,12
1.28455,loss,long,4,3,2,12
1.2937,win,long,4,4,3,12
1.28455,win,long,4,3,2,12
1.30503,loss,short,4,15,0,16
1.30503,loss,short,4,15,0,16
1.3013,loss,short,4,17,2,12
1.3013,loss,short,4,17,2,12
1.3013,loss,short,4,17,2,12
1.3013,loss,short,4,17,2,12
1.3013,loss,short,4,17,2,12
1.3013,loss,short,4,17,2,12
1.30575,loss,short,4,18,3,16
1.30575,loss,short,4,18,3,16
1.30165,win,short,5,9,3,12
1.30859,win,short,5,7,1,12
1.30995,win,short,5,6,0,4
1.3057,win,short,5,2,3,12
1.30043,win,short,4,26,4,4
1.30161,win,short,4,25,3,12
1.30142,win,short,4,23,1,8
1.30616,win,short,4,23,1,0
1.3037,win,short,4,22,0,4
1.3076,win,short,4,21,6,12
1.30575,win,short,4,18,3,16
1.28973,loss,long,5,20,0,16
1.28973,loss,long,5,20,0,16
1.29163,loss,long,5,21,1,16
1.29163,loss,long,5,21,1,16
1.29019,loss,long,5,23,3,8
1.29019,loss,long,5,23,3,8
1.29932,win,long,6,2,6,12
1.29656,win,long,5,29,2,8
1.28554,win,long,5,28,1,8
1.29019,win,long,5,23,3,8
1.3287,win,short,6,19,2,16
1.30678,loss,long,7,1,0,16
1.3176,loss,long,7,10,2,16
1.30288,win,long,7,2,1,4
1.30678,win,long,7,1,0,16
1.32608,loss,long,7,30,1,16
1.32608,loss,long,7,30,1,16
1.33383,loss,long,7,31,2,12
1.33089,win,long,8,6,1,8
1.32556,win,long,8,6,1,0
1.32852,win,long,8,2,4,12
1.33383,win,long,7,31,2,12
1.33179,win,short,8,12,0,0
1.33179,loss,short,8,12,0,0
1.32506,loss,short,8,15,3,8
1.32506,loss,short,8,15,3,8
1.33354,loss,short,8,21,2,20
1.33354,loss,short,8,21,2,20
1.33354,loss,short,8,21,2,20
1.33457,loss,short,8,23,4,0
1.33395,win,short,8,28,2,8
1.33452,win,short,8,27,1,4
1.33457,win,short,8,23,4,0
1.31195,loss,long,9,5,3,8
1.31195,win,long,9,5,3,8
1.31622,win,long,9,8,6,12
1.32536,win,long,9,9,0,8
1.31622,win,long,9,8,6,12
1.33069,loss,short,9,13,4,12
1.33069,loss,short,9,13,4,12
1.34766,loss,long,9,24,1,12
1.3472,loss,short,9,24,1,16
1.35071,loss,long,9,25,2,8
1.35071,loss,long,9,25,2,8
1.35044,loss,long,9,27,4,4
1.35044,loss,long,9,27,4,4
1.34995,loss,short,9,30,0,4
1.35245,win,long,9,30,0,12
1.35816,loss,long,10,2,2,12
1.35816,loss,long,10,2,2,12
1.35761,loss,long,10,7,0,4
1.35761,win,long,10,7,0,4
1.35761,loss,long,10,7,0,4
1.35758,loss,long,10,7,0,16
1.35758,loss,long,10,7,0,16
1.35758,loss,long,10,7,0,16
1.35656,loss,long,10,8,1,12
1.35656,loss,long,10,8,1,12
1.35656,loss,long,10,8,1,12
1.35654,loss,long,10,8,1,20
1.35553,win,long,10,17,3,0
1.34887,win,long,10,15,1,4
1.35641,win,long,10,13,6,20
1.35625,win,long,10,11,4,8
1.35654,win,long,10,8,1,20
1.37595,win,long,10,29,1,4
1.37595,loss,long,10,29,1,4
1.37476,loss,long,10,29,1,12
1.37476,loss,long,10,29,1,12
1.35153,win,short,11,6,2,16
1.34323,loss,long,11,12,1,12
1.34323,win,long,11,12,1,12
1.34821,loss,long,11,13,2,16
1.34821,loss,long,11,13,2,16
1.34499,loss,long,11,14,3,12
1.34499,win,long,11,14,3,12
1.34499,win,long,11,14,3,12
1.34826,win,long,11,15,4,12
1.34826,win,long,11,15,4,12
1.35895,win,long,12,4,2,16
1.35976,win,long,12,3,1,12
1.35224,win,long,11,25,0,16
1.35139,win,long,11,22,4,4
1.34826,win,long,11,15,4,12
1.37522,loss,long,12,12,3,20
1.37522,win,long,12,12,3,20
1.37558,win,long,12,16,0,0
1.37558,win,long,12,16,0,0
1.37711,loss,long,12,17,1,16
1.37711,loss,long,12,17,1,16
1.37711,loss,long,12,17,1,16
1.37766,loss,long,12,18,2,12
1.36869,win,long,12,26,3,8
1.36968,win,long,12,23,0,12
1.37766,win,long,12,18,2,12
1.37599,loss,short,1,1,2,16
1.36457,win,short,1,2,3,8
1.37599,win,short,1,1,2,16
1.36709,loss,long,1,10,4,12
1.36709,loss,long,1,10,4,12
1.35444,loss,short,1,22,2,4
1.36653,win,long,1,23,3,8
1.36731,win,short,1,28,1,8
1.36731,loss,short,1,28,1,8
1.36636,loss,long,1,29,2,0
1.35764,win,short,1,30,3,8
1.36561,win,short,1,30,3,0
1.35287,loss,short,2,6,3,4
1.35287,loss,short,2,6,3,4
1.35937,loss,short,2,12,2,12
1.35937,loss,short,2,12,2,12
1.35937,loss,short,2,12,2,12
1.37147,loss,short,2,20,3,8
1.37147,loss,short,2,20,3,8
1.37147,loss,short,2,20,3,8
1.37147,loss,short,2,20,3,8
1.37207,loss,short,2,20,3,16
1.37207,loss,short,2,20,3,16
1.37207,loss,short,2,20,3,16
1.37456,loss,short,2,21,4,8
1.38225,win,short,3,19,2,16
1.39286,win,short,3,18,1,12
1.38676,win,short,3,13,3,16
1.37394,loss,short,3,4,1,16
1.37366,loss,short,3,3,0,16
1.36726,loss,short,2,26,2,12
1.3738,loss,short,2,24,0,12
1.37456,loss,short,2,21,4,8
1.38383,loss,long,3,24,0,16
1.38383,loss,long,3,24,0,16
1.3825,loss,long,3,25,1,16
1.3825,loss,long,3,25,1,16
1.37837,loss,long,3,31,0,8
1.37837,loss,long,3,31,0,8
1.37391,win,long,4,7,0,12
1.37937,loss,long,4,1,1,8
1.37837,loss,long,3,31,0,8
1.38154,win,short,4,14,0,8
1.38154,loss,short,4,14,0,8
1.38207,loss,short,4,16,2,12
1.38207,loss,short,4,16,2,12
1.38133,loss,short,4,17,3,16
1.38133,loss,short,4,17,3,16
1.38133,loss,short,4,17,3,16
1.38032,loss,short,4,21,0,8
1.38032,loss,short,4,21,0,8
1.3802,loss,short,4,22,1,12
1.3802,loss,short,4,22,1,12
1.38675,loss,long,4,28,0,4
1.38094,loss,short,4,29,1,12
1.3872,win,long,4,30,2,12
1.38526,win,short,5,8,3,12
1.37087,win,short,5,19,0,16
1.36634,win,short,5,21,2,8
1.37087,win,short,5,19,0,16
1.36521,loss,long,5,27,1,0
1.36521,loss,long,5,27,1,0
1.36331,loss,long,5,30,4,12
1.36331,loss,long,5,30,4,12
1.36331,loss,long,5,30,4,12
1.36325,loss,long,6,2,0,0
1.36325,loss,long,6,2,0,0
1.36224,loss,long,6,3,1,12
1.36224,loss,long,6,3,1,12
1.36224,loss,long,6,3,1,12
1.36213,loss,long,6,4,2,8
1.36213,loss,long,6,4,2,8
1.3658,loss,long,6,5,3,12
1.35718,win,long,6,18,2,8
1.35665,win,long,6,16,0,12
1.35415,win,long,6,13,4,4
1.3658,loss,long,6,5,3,12
1.3593,win,short,6,20,4,12
1.3593,loss,short,6,20,4,12
1.35922,loss,short,6,23,0,8
1.35922,loss,short,6,23,0,8
1.36217,loss,long,6,24,1,4
1.36046,loss,long,6,24,1,16
1.36046,win,long,6,24,1,16
1.36046,win,long,6,24,1,16
1.36226,win,long,6,26,3,20
1.36226,loss,long,6,26,3,20
1.36448,loss,long,6,27,4,12
1.36448,loss,long,6,27,4,12
1.36106,loss,long,7,8,1,12
1.36106,loss,long,7,8,1,12
1.36106,loss,long,7,8,1,12
1.36106,loss,long,7,8,1,12
1.36117,loss,long,7,9,2,4
1.36117,loss,long,7,9,2,4
1.36117,loss,long,7,9,2,4
1.36117,loss,long,7,9,2,4
1.36458,loss,long,7,9,2,12
1.36458,loss,long,7,9,2,12
1.36458,loss,long,7,9,2,12
1.36269,loss,long,7,14,0,8
1.36269,loss,long,7,14,0,8
1.34283,loss,long,8,1,4,12
1.34283,loss,long,8,1,4,12
1.33935,loss,long,8,8,4,4
1.33935,loss,long,8,8,4,4
1.33881,loss,long,8,11,0,8
1.33881,loss,long,8,11,0,8
1.33687,loss,long,8,13,2,12
1.33687,loss,long,8,13,2,12
1.33662,loss,long,8,14,3,12
1.33823,loss,long,8,15,4,8
1.33823,loss,long,8,15,4,8
1.31469,loss,long,9,3,2,20
1.31469,loss,long,9,3,2,20
1.29719,loss,long,9,14,6,12
1.29719,loss,long,9,14,6,12
1.29284,loss,long,9,16,1,0
1.29284,loss,long,9,16,1,0
1.29284,loss,long,9,16,1,0
1.29502,loss,long,9,16,1,16
1.29502,loss,long,9,16,1,16
1.29502,loss,long,9,16,1,16
1.28635,loss,long,9,23,1,8
1.28635,loss,long,9,23,1,8
1.28635,loss,long,9,23,1,8
1.28635,loss,long,9,23,1,8
1.26701,loss,long,10,2,3,16
1.26701,loss,long,10,2,3,16
1.26701,loss,long,10,2,3,16
1.26701,loss,long,10,2,3,16
1.26701,loss,long,10,2,3,16
1.26701,loss,long,10,2,3,16
1.26535,loss,long,10,6,0,16
1.26535,loss,long,10,6,0,16
1.26535,loss,long,10,6,0,16
1.26535,loss,long,10,6,0,16
1.26535,loss,long,10,6,0,16
1.26535,loss,long,10,6,0,16
1.26535,loss,long,10,6,0,16
1.26535,loss,long,10,6,0,16
1.27803,loss,long,10,20,0,8
1.27759,loss,long,10,15,2,12
1.27347,loss,long,10,20,0,0
1.27086,loss,long,10,27,0,12
1.2695,loss,long,10,27,0,0
1.26805,loss,long,10,13,0,8
1.26612,loss,long,10,13,0,0
1.26634,loss,long,10,7,1,12
1.26535,loss,long,10,6,0,16
1.2513,loss,long,11,26,2,12
1.25113,loss,long,11,18,1,8
1.25301,loss,long,11,16,6,12
1.248,loss,long,12,1,0,12
1.24699,loss,long,11,27,3,12
1.24735,loss,long,11,25,1,16
1.24731,loss,long,11,11,1,16
1.24682,loss,long,11,13,3,8
1.24651,loss,long,11,12,2,4
1.24359,loss,long,12,15,0,12
1.24445,loss,long,12,12,4,8
1.24416,loss,long,11,10,0,8
1.23983,loss,long,12,11,3,20
1.23935,loss,long,12,9,1,8
1.24147,loss,long,11,14,4,8
1.23646,loss,long,12,4,3,12
1.18563,win,short,1,12,0,0
1.15734,win,long,1,21,2,12
1.15734,loss,long,1,21,2,12
1.15785,win,short,1,22,3,0
1.14631,loss,long,1,22,3,8
1.13764,win,short,1,22,3,12
1.13618,win,long,1,27,1,12
1.13618,loss,long,1,27,1,12
1.13622,loss,long,1,28,2,4
1.13622,loss,long,1,28,2,4
1.13285,win,short,1,29,3,16
1.13038,loss,long,1,30,4,8
1.12843,loss,short,1,30,4,12
1.13395,loss,short,2,2,0,4
1.13395,loss,short,2,2,0,4
1.1354,loss,short,2,4,2,20
1.1354,loss,short,2,4,2,20
1.1354,loss,short,2,4,2,20
1.13141,loss,short,2,6,4,12
1.13141,loss,short,2,6,4,12
1.13141,loss,short,2,6,4,12
1.13141,loss,short,2,6,4,12
1.13148,loss,short,2,12,3,0
1.13148,loss,short,2,12,3,0
1.13456,loss,short,2,16,0,16
1.13255,win,short,2,23,0,8
1.13673,win,short,2,19,3,12
1.1339,win,short,2,18,2,12
1.13456,win,short,2,16,0,16
1.12011,win,short,2,26,3,12
1.06175,loss,long,3,17,1,8
1.06175,loss,long,3,17,1,8
1.06236,win,short,3,18,2,4
1.08232,loss,long,3,18,2,16
1.06091,win,long,3,18,2,8
1.06684,loss,short,3,19,3,16
1.06684,loss,short,3,19,3,16
1.08793,loss,short,3,26,3,16
1.08793,win,short,3,26,3,16
1.0866,win,short,3,30,0,0
1.08585,win,short,4,7,1,8
1.0866,win,short,3,30,0,0
1.06606,loss,long,4,14,1,12
1.06606,win,long,4,14,1,12
1.06756,loss,long,4,15,2,16
1.06756,win,long,4,15,2,16
1.06756,win,long,4,15,2,16
1.08021,win,long,4,23,3,8
1.07679,win,long,4,22,2,4
1.07279,win,long,4,21,1,20
1.07336,win,long,4,21,1,12
1.07349,win,long,4,20,0,12
1.06756,win,long,4,15,2,16
1.11266,loss,short,5,5,1,4
1.11266,loss,short,5,5,1,4
1.11938,loss,short,5,8,4,0
1.1315,win,short,5,18,0,16
1.11975,win,short,5,10,6,12
1.11938,win,short,5,8,4,0
1.10116,win,short,5,22,4,12
1.09527,loss,long,5,28,3,20
1.09527,loss,long,5,28,3,20
1.09825,loss,long,5,29,4,12
1.10186,win,long,6,2,1,4
1.09825,win,long,5,29,4,12
1.11175,loss,short,6,5,4,12
1.11175,loss,short,6,5,4,12
1.12639,win,short,6,11,3,12
1.12639,loss,short,6,11,3,12
1.12639,loss,short,6,11,3,12
1.12549,loss,short,6,11,3,20
1.12549,loss,short,6,11,3,20
1.12549,loss,short,6,11,3,20
1.11838,loss,short,6,12,4,4
1.11838,loss,short,6,12,4,4
1.12079,loss,short,6,14,6,20
1.12648,win,short,6,23,1,0
1.13296,win,short,6,19,4,8
1.13335,win,short,6,17,2,12
1.12397,win,short,6,16,1,12
1.12079,win,short,6,14,6,20
1.12159,loss,long,6,29,0,16
1.12159,loss,long,6,29,0,16
1.11449,win,short,6,30,1,12
1.10607,loss,long,7,8,2,12
1.10451,loss,short,7,9,3,8
1.10088,win,short,7,13,0,8
1.10451,win,short,7,9,3,8
1.0941,loss,long,7,21,1,12
1.09481,win,long,7,22,2,20
1.0941,win,long,7,21,1,12
1.0989,win,short,7,29,2,16
1.0989,win,short,7,29,2,16
1.09705,loss,short,8,2,6,12
1.09705,loss,short,8,2,6,12
1.09705,loss,short,8,2,6,12
1.09705,loss,short,8,2,6,12
1.09739,loss,short,8,2,6,20
1.09163,loss,short,8,7,4,0
1.08901,loss,short,8,4,1,12
1.10762,loss,short,8,17,0,8
1.09791,loss,short,8,10,0,8
1.0973,loss,short,8,3,0,8
1.09739,loss,short,8,2,6,20
1.13375,win,short,8,26,2,16
1.13375,win,short,8,26,2,16
1.12925,loss,short,9,1,1,12
1.12294,win,short,9,2,2,8
1.12925,win,short,9,1,1,12
1.11558,win,long,9,8,1,4
1.11558,loss,long,9,8,1,4
1.12073,loss,long,9,8,1,16
1.12184,win,long,9,9,2,16
1.12073,win,long,9,8,1,16
1.12712,loss,short,9,15,1,16
1.12712,loss,short,9,15,1,16
1.1294,win,short,9,16,2,8
1.1294,loss,short,9,16,2,8
1.13058,loss,long,9,16,2,20
1.12938,win,short,9,20,6,16
1.12925,loss,long,9,24,3,8
1.12925,loss,long,9,24,3,8
1.11786,loss,short,9,28,0,4
1.12301,loss,long,9,28,0,12
1.12572,loss,long,9,29,1,16
1.12572,loss,long,9,29,1,16
1.11907,loss,short,10,1,3,16
1.12311,loss,long,10,2,4,12
1.1239,loss,long,10,4,6,20
1.12616,win,long,10,6,1,8
1.1239,win,long,10,4,6,20
1.13865,win,short,10,15,3,12
1.13411,win,short,10,21,2,16
1.13584,win,short,10,21,2,4
1.13386,win,short,10,20,1,12
1.13767,win,short,10,16,4,8
1.13764,win,short,10,15,3,20
1.13865,win,short,10,15,3,12
1.10024,win,long,10,30,4,12
1.10024,win,long,10,30,4,12
1.10292,loss,long,11,1,6,20
1.10292,loss,long,11,1,6,20
1.10238,loss,long,11,2,0,12
1.10238,loss,long,11,2,0,12
1.10238,loss,long,11,2,0,12
1.07699,loss,long,11,12,3,12
1.07699,loss,long,11,12,3,12
1.07965,loss,long,11,12,3,20
1.07965,loss,long,11,12,3,20
1.07965,loss,long,11,12,3,20
1.07063,loss,long,11,19,3,8
1.07063,loss,long,11,19,3,8
1.06683,loss,long,11,25,2,0
1.06683,loss,long,11,25,2,0
1.06341,loss,long,12,1,1,12
1.06078,win,long,12,2,2,16
1.06341,win,long,12,1,1,12
1.093,loss,long,12,3,3,12
1.09131,loss,short,12,15,1,12
1.09131,loss,short,12,15,1,12
1.08503,loss,short,12,16,2,20
1.09314,win,short,12,29,1,12
1.09059,win,short,12,23,2,12
1.08503,loss,short,12,16,2,20
1.0844,win,long,1,7,3,8
1.0844,loss,long,1,7,3,8
1.08481,loss,long,1,12,1,4
1.08481,win,long,1,12,1,4
1.08846,loss,long,1,13,2,20
1.08846,loss,long,1,13,2,20
1.08846,loss,long,1,13,2,20
1.08846,loss,long,1,13,2,20
1.08874,loss,long,1,15,4,0
1.08874,loss,long,1,15,4,0
1.08874,loss,long,1,15,4,0
1.08966,loss,long,1,18,0,12
1.08855,win,long,2,1,0,12
1.08637,win,long,1,26,1,20
1.08272,win,long,1,26,1,4
1.09136,win,long,1,19,1,16
1.08735,win,long,1,19,1,0
1.08966,win,long,1,18,0,12
1.12166,win,short,2,14,6,20
1.12347,win,short,2,14,6,12
1.10515,loss,long,2,26,4,0
1.10515,loss,long,2,26,4,0
1.09676,loss,long,3,3,3,12
1.09676,win,long,3,3,3,12
1.12,loss,long,3,10,3,12
1.09965,win,long,3,9,2,16
1.10148,win,long,3,7,0,16
1.09676,win,long,3,3,3,12
1.1107,win,long,3,15,1,16
1.12155,win,long,3,16,2,16
1.1107,win,long,3,15,1,16
1.12318,win,short,3,22,1,8
1.12318,loss,short,3,22,1,8
1.12168,loss,short,3,22,1,16
1.12168,loss,short,3,22,1,16
1.13737,loss,short,4,6,2,8
1.13737,loss,short,4,6,2,8
1.13676,win,short,4,12,1,20
1.13963,win,short,4,12,1,12
1.13643,win,short,4,8,4,0
1.13737,win,short,4,6,2,8
1.13125,loss,long,4,18,0,12
1.13051,win,long,4,26,1,8
1.13389,win,long,4,19,1,0
1.13125,win,long,4,18,0,12
1.13984,loss,short,5,5,3,8
1.13786,win,short,5,12,3,16
1.14037,win,short,5,12,3,8
1.13984,win,short,5,5,3,8
1.11929,loss,long,5,26,3,16
1.11929,loss,long,5,26,3,16
1.11338,win,short,5,27,4,8
1.11263,loss,short,5,31,1,12
1.11263,loss,short,5,31,1,12
1.11495,loss,short,6,2,3,12
1.11495,loss,short,6,2,3,12
1.11495,loss,short,6,2,3,12
1.13314,win,short,6,9,3,12
1.13314,win,short,6,9,3,12
1.13314,loss,short,6,9,3,12
1.12907,loss,short,6,13,0,16
1.12907,win,short,6,13,0,16
1.12907,loss,short,6,13,0,16
1.12223,loss,short,6,14,1,4
1.12577,win,short,6,21,1,12
1.12617,win,short,6,17,4,4
1.11473,win,short,6,16,3,8
1.12223,win,short,6,14,1,4
1.10338,loss,short,6,24,4,0
1.1108,loss,long,6,29,2,20
1.1108,win,long,6,29,2,20
1.11183,loss,long,6,30,3,8
1.11183,loss,long,6,30,3,8
1.11325,loss,long,7,1,4,8
1.11325,loss,long,7,1,4,8
1.11325,loss,long,7,1,4,8
1.11377,loss,long,7,4,0,8
1.11377,loss,long,7,4,0,8
1.10887,loss,long,7,12,1,0
1.10887,loss,long,7,12,1,0
1.10575,win,long,7,27,2,16
1.10018,win,long,7,26,1,4
1.11017,loss,long,7,13,2,8
1.10887,loss,long,7,12,1,0
1.1149,win,short,8,3,2,16
1.10906,loss,short,8,5,4,12
1.10906,loss,short,8,5,4,12
1.11786,win,long,8,12,4,8
1.11493,win,long,8,9,1,20
1.12953,loss,short,8,22,0,4
1.12953,loss,short,8,22,0,4
1.12934,loss,short,8,24,2,0
1.11878,win,short,8,26,4,12
1.12792,win,short,8,25,3,12
1.12934,win,short,8,24,2,0
1.11992,loss,long,9,1,3,12
1.11992,loss,long,9,1,3,12
1.11418,loss,short,9,5,0,8
1.1256,loss,long,9,6,1,12
1.12282,loss,short,9,9,4,12
1.12282,loss,short,9,9,4,12
1.12159,loss,short,9,12,0,8
1.12159,win,short,9,12,0,8
1.12091,win,long,9,13,1,12
1.12149,loss,short,9,13,1,16
1.12409,loss,short,9,14,2,8
1.12409,loss,short,9,14,2,8
1.1242,loss,long,9,15,3,8
1.12249,win,short,9,16,4,4
1.11645,loss,short,9,20,1,8
1.11645,loss,short,9,20,1,8
1.12207,loss,short,9,27,1,12
1.12207,win,short,9,27,1,12
1.12207,loss,short,9,27,1,12
1.12041,loss,short,9,27,1,20
1.12041,loss,short,9,27,1,20
1.12041,loss,short,9,27,1,20
1.12146,loss,short,9,28,2,12
1.12031,win,short,10,5,2,20
1.12118,win,short,10,5,2,12
1.12156,win,short,10,3,0,12
1.11652,win,short,9,30,4,4
1.12231,win,short,9,29,3,16
1.12146,win,short,9,28,2,12
1.11926,loss,long,10,9,6,16
1.11926,loss,long,10,9,6,16
1.09175,loss,long,10,26,2,8
1.09175,loss,long,10,26,2,8
1.09182,loss,long,10,27,3,8
1.0914,win,long,10,28,4,4
1.09182,win,long,10,27,3,8
1.107,loss,short,11,7,0,4
1.09312,win,short,11,9,2,12
1.10386,win,short,11,7,0,12
1.107,win,short,11,7,0,4
1.06002,loss,long,11,25,4,12
1.06002,loss,long,11,25,4,12
1.06475,loss,long,11,28,0,0
1.06475,loss,long,11,28,0,0
1.05973,loss,long,11,28,0,20
1.05973,win,long,11,28,0,20
1.06473,loss,short,11,29,1,12
1.06487,loss,long,11,29,1,16
1.06487,loss,long,11,29,1,16
1.06154,win,long,12,1,3,4
1.06154,loss,long,12,1,3,4
1.06604,loss,long,12,1,3,16
1.06604,loss,long,12,1,3,16
1.07295,loss,long,12,5,0,8
1.07295,loss,long,12,5,0,8
1.07295,loss,long,12,5,0,8
1.06396,loss,long,12,12,0,16
1.06396,loss,long,12,12,0,16
1.06396,loss,long,12,12,0,16
1.06146,loss,long,12,13,1,4
1.06146,loss,long,12,13,1,4
1.06195,loss,long,12,13,1,12
1.06195,loss,long,12,13,1,12
1.06472,loss,long,12,14,2,0
1.06472,loss,long,12,14,2,0
1.04588,loss,long,12,22,3,8
1.04588,loss,long,12,22,3,8
1.04588,win,long,12,22,3,8
1.04416,win,long,12,25,6,12
1.04416,loss,long,12,25,6,12
1.04416,win,long,12,25,6,12
1.04416,win,long,12,25,6,12
1.04526,win,long,12,26,0,12
1.04526,win,long,12,26,0,12
1.04526,win,long,12,26,0,12
1.04526,win,long,12,26,0,12
1.04526,win,long,12,26,0,12
1.04526,win,long,12,26,0,12
1.04521,win,long,12,27,1,8
1.04521,win,long,12,27,1,8
1.04521,win,long,12,27,1,8
1.04521,win,long,12,27,1,8
1.04521,win,long,12,27,1,8
1.04521,win,long,12,27,1,8
1.04708,loss,long,12,29,3,4
1.04708,win,long,12,29,3,4
1.04708,win,long,12,29,3,4
1.04708,win,long,12,29,3,4
1.04708,win,long,12,29,3,4
1.05908,win,long,3,9,3,12
1.05824,win,long,3,3,4,12
1.05984,win,long,2,27,0,8
1.05924,win,long,2,24,4,4
1.05746,win,long,2,23,3,20
1.05697,win,long,2,23,3,12
1.06586,loss,long,2,16,3,8
1.07684,loss,long,2,3,4,12
1.07811,loss,long,2,1,2,20
1.07924,loss,long,1,31,1,12
1.07332,loss,long,1,29,6,20
1.06813,loss,long,1,20,4,12
1.06773,loss,long,1,19,3,20
1.05909,win,long,1,19,3,8
1.06549,win,long,1,17,1,0
1.05992,win,long,1,16,0,12
1.05839,win,long,1,11,2,16
1.05222,win,long,1,11,2,4
1.0564,win,long,1,9,0,12
1.0478,win,long,1,4,2,12
1.03965,win,long,1,3,1,4
1.04708,win,long,12,29,3,4
1.06086,loss,short,3,14,1,16
1.06086,loss,short,3,14,1,16
1.07633,loss,short,3,24,4,0
1.07869,win,short,3,29,2,4
1.08143,win,short,3,28,1,16
1.07633,win,short,3,24,4,0
1.06077,loss,long,4,11,1,12
1.06077,win,long,4,11,1,12
1.06665,loss,short,4,12,2,16
1.0673,loss,long,4,12,2,20
1.06167,loss,short,4,13,3,16
1.06167,loss,short,4,13,3,16
1.06129,loss,short,4,16,6,12
1.06129,loss,short,4,16,6,12
1.06129,loss,short,4,16,6,12
1.06948,loss,short,4,21,4,12
1.06948,loss,short,4,21,4,12
1.08916,loss,short,5,3,2,20
1.08916,loss,short,5,3,2,20
1.09334,loss,short,5,8,0,12
1.09334,loss,short,5,8,0,12
1.11763,loss,short,5,26,4,12
1.11763,loss,short,5,26,4,12
1.12628,win,short,6,7,2,8
1.12628,loss,short,6,7,2,8
1.12612,loss,long,6,7,2,20
1.12211,win,short,6,8,3,8
1.12122,win,short,6,13,1,20
1.12122,loss,short,6,13,1,20
1.12794,win,short,6,14,2,8
1.12794,win,short,6,14,2,8
1.12794,win,short,6,14,2,8
1.12164,win,short,6,14,2,20
1.12164,win,short,6,14,2,20
1.11662,loss,short,6,15,3,4
1.11662,loss,short,6,15,3,4
1.11484,loss,short,6,19,0,12
1.11484,loss,short,6,19,0,12
1.11484,loss,short,6,19,0,12
1.11467,loss,short,6,22,3,12
1.11467,loss,short,6,22,3,12
1.13667,loss,short,7,3,0,16
1.13667,loss,short,7,3,0,16
1.13667,loss,short,7,3,0,16
1.13514,loss,short,7,4,1,8
1.13211,loss,short,7,5,2,4
1.13514,loss,short,7,4,1,8
1.14038,loss,short,7,13,3,8
1.14038,loss,short,7,13,3,8
1.17643,loss,short,8,4,4,12
1.17643,loss,short,8,4,4,12
1.17643,loss,short,8,4,4,12
1.17519,loss,short,8,8,1,12
1.17519,loss,short,8,8,1,12
1.17519,win,short,8,8,1,12
1.17519,loss,short,8,8,1,12
1.17519,loss,short,8,8,1,12
1.17597,loss,short,8,11,4,4
1.17597,loss,short,8,11,4,4
1.17597,loss,short,8,11,4,4
1.17597,loss,short,8,11,4,4
1.17597,loss,short,8,11,4,4
1.17597,loss,short,8,11,4,4
1.17831,loss,short,8,14,0,12
1.17831,loss,short,8,14,0,12
1.17831,loss,short,8,14,0,12
1.17831,loss,short,8,14,0,12
1.17831,loss,short,8,14,0,12
1.17829,loss,short,8,14,0,20
1.17829,loss,short,8,14,0,20
1.17829,loss,short,8,14,0,20
1.17497,loss,short,8,15,1,4
1.19312,win,short,9,24,6,20
1.18947,win,short,9,24,6,12
1.18894,win,short,9,20,2,16
1.18742,win,short,9,13,2,12
1.19622,win,short,9,11,0,16
1.18666,loss,short,9,1,4,12
1.19149,win,short,9,1,4,4
1.18901,win,short,8,30,2,12
1.17819,loss,short,8,23,2,4
1.17645,loss,short,8,22,1,16
1.17627,loss,short,8,22,1,8
1.1758,loss,short,8,21,0,4
1.17452,loss,short,8,17,3,8
1.17497,loss,short,8,15,1,4
1.18203,loss,long,9,29,4,8
1.18203,loss,long,9,29,4,8
1.18109,loss,long,10,1,6,16
1.18109,loss,long,10,1,6,16
1.17595,loss,long,10,4,2,8
1.17595,loss,long,10,4,2,8
1.17453,loss,short,10,9,0,4
1.17375,win,long,10,9,0,8
1.17775,win,long,10,10,1,0
1.17413,win,long,10,9,0,16
1.17375,win,long,10,9,0,8
1.18077,win,short,10,15,6,20
1.18077,win,short,10,15,6,20
1.17777,win,short,10,20,4,12
1.17777,loss,short,10,20,4,12
1.17598,loss,short,10,24,1,20
1.16584,win,short,10,26,3,12
1.17598,win,short,10,24,1,20
1.16482,win,long,11,2,3,4
1.16482,loss,long,11,2,3,4
1.16589,loss,long,11,2,3,12
1.16314,win,long,11,9,3,8
1.16589,win,long,11,2,3,12
1.17363,loss,short,11,20,0,0
1.17363,loss,short,11,20,0,0
1.17338,loss,short,11,20,0,16
1.17338,loss,short,11,20,0,16
1.18468,loss,short,11,28,1,16
1.18468,loss,short,11,28,1,16
1.18468,loss,short,11,28,1,16
1.19039,win,short,11,30,3,8
1.18344,win,short,12,5,1,8
1.18492,win,short,12,4,0,4
1.18727,win,short,12,3,6,20
1.18947,win,short,12,1,4,12
1.19039,win,short,11,30,3,8
1.17725,loss,short,12,11,0,16
1.17725,loss,short,12,11,0,16
1.17856,win,short,12,14,3,20
1.17856,loss,short,12,14,3,20
1.17549,loss,short,12,15,4,12
1.17549,loss,short,12,15,4,12
1.17944,win,long,12,19,1,0
1.20037,win,short,1,8,0,4
1.19858,loss,long,1,10,2,8
1.20369,win,long,1,11,3,12
1.19858,win,long,1,10,2,8
1.21939,loss,short,1,17,2,20
1.21939,loss,short,1,17,2,20
1.224,win,long,1,22,0,8
1.22364,win,long,1,21,6,20
1.23777,loss,short,1,29,0,12
1.23777,loss,short,1,29,0,12
1.23478,loss,short,1,30,1,0
1.23478,loss,short,1,30,1,0
1.23478,loss,short,1,30,1,0
1.24301,loss,short,2,1,3,4
1.24301,win,short,2,1,3,4
1.24301,loss,short,2,1,3,4
1.24692,win,short,2,2,4,12
1.24692,win,short,2,2,4,12
1.2461,loss,short,2,4,6,20
1.2461,win,short,2,4,6,20
1.24083,win,short,2,19,0,12
1.24015,win,short,2,18,6,12
1.23168,win,short,2,13,1,0
1.24208,win,short,2,5,0,12
1.2461,win,short,2,4,6,20
1.23456,loss,long,2,26,0,4
1.23456,loss,long,2,26,0,4
1.23267,loss,long,2,27,1,0
1.22729,win,long,3,1,3,20
1.22736,win,long,2,27,1,8
1.23267,win,long,2,27,1,0
1.23142,loss,short,3,8,3,12
1.23142,loss,short,3,8,3,12
1.23297,loss,short,3,13,1,4
1.23297,loss,short,3,13,1,4
1.23028,loss,short,3,15,3,12
1.23028,loss,short,3,15,3,12
1.23028,loss,short,3,15,3,12
1.22727,loss,short,3,20,1,8
1.22727,loss,short,3,20,1,8
1.23202,win,short,3,22,3,16
1.23202,loss,short,3,22,3,16
1.23202,loss,short,3,22,3,16
1.23127,loss,short,3,28,2,12
1.23127,loss,short,3,28,2,12
1.23127,loss,short,3,28,2,12
1.23428,win,short,4,19,3,16
1.23678,win,short,4,17,1,12
1.23642,win,short,4,16,0,4
1.23225,win,short,4,13,4,4
1.23293,win,short,4,12,3,20
1.23304,win,short,4,12,3,12
1.23112,win,short,4,9,0,8
1.23127,loss,short,3,28,2,12
1.19179,win,long,5,10,3,16
1.19179,loss,long,5,10,3,16
1.19437,loss,long,5,11,4,8
1.19437,loss,long,5,11,4,8
1.19314,loss,long,5,15,1,0
1.19314,loss,long,5,15,1,0
1.19314,loss,long,5,15,1,0
1.17726,loss,long,5,22,1,8
1.17202,win,long,6,5,1,16
1.16835,win,long,6,4,0,0
1.16648,win,long,5,30,2,16
1.17726,win,long,5,22,1,8
1.17668,loss,short,6,8,4,8
1.17668,loss,short,6,8,4,8
1.17867,loss,long,6,12,1,8
1.17458,loss,short,6,12,1,16
1.17722,loss,long,6,13,2,12
1.17722,loss,long,6,13,2,12
1.16229,loss,long,6,21,3,12
1.16229,loss,long,6,21,3,12
1.16339,loss,long,6,27,2,4
1.16339,win,long,6,27,2,4
1.16339,win,long,6,27,2,4
1.16339,win,long,6,27,2,4
1.16331,win,long,6,29,4,0
1.16331,win,long,6,29,4,0
1.16331,win,long,6,29,4,0
1.16303,win,long,7,2,0,20
1.16303,win,long,7,2,0,20
1.16468,win,long,7,3,1,4
1.16468,win,long,7,3,1,4
1.16591,loss,long,7,4,2,16
1.16591,win,long,7,4,2,16
1.17357,loss,long,7,10,1,16
1.17357,loss,long,7,10,1,16
1.17158,loss,long,7,16,0,4
1.17158,loss,long,7,16,0,4
1.17158,loss,long,7,16,0,4
1.1725,loss,long,7,20,4,12
1.1725,loss,long,7,20,4,12
1.17061,loss,long,7,24,1,8
1.17061,loss,long,7,24,1,8
1.16925,loss,long,7,25,2,4
1.16925,loss,long,7,25,2,4
1.17313,loss,long,7,25,2,16
1.17313,loss,long,7,25,2,16
1.17108,loss,long,7,30,0,8
1.14436,win,long,8,17,4,12
1.16191,loss,long,8,8,2,12
1.16051,loss,long,8,7,1,20
1.17108,loss,long,7,30,0,8
1.16627,loss,long,8,30,3,16
1.16627,loss,long,8,30,3,16
1.16627,loss,long,8,30,3,16
1.16662,loss,long,8,31,4,4
1.16662,loss,long,8,31,4,4
1.16662,loss,long,8,31,4,4
1.1624,loss,long,9,5,2,12
1.1624,loss,long,9,5,2,12
1.1624,win,long,9,5,2,12
1.16257,win,long,9,7,4,4
1.16706,win,long,9,19,2,16
1.16901,win,long,9,17,0,8
1.16319,win,long,9,12,2,12
1.15898,win,long,9,11,1,20
1.15845,win,long,9,11,1,4
1.15972,win,long,9,10,0,12
1.16257,win,long,9,7,4,4
1.17489,loss,long,9,26,2,16
1.17489,loss,long,9,26,2,16
1.15244,win,long,10,10,2,12
1.15244,win,long,10,10,2,12
1.15244,win,long,10,10,2,12
1.15987,loss,long,10,15,0,4
1.15987,loss,long,10,15,0,4
1.15473,loss,long,10,17,2,4
1.14217,win,long,11,5,0,12
1.13842,win,long,11,4,6,20
1.14086,win,long,11,1,3,8
1.15021,loss,long,10,22,0,4
1.15473,loss,long,10,17,2,4
1.13988,loss,long,11,8,3,12
1.13988,loss,long,11,8,3,12
1.13089,loss,long,11,14,2,12
1.13089,win,long,11,14,2,12
1.13089,win,long,11,14,2,12
1.13429,win,long,11,15,3,0
1.13429,loss,long,11,15,3,0
1.13429,loss,long,11,15,3,0
1.13232,loss,long,11,15,3,16
1.13232,win,long,11,15,3,16
1.13232,win,long,11,15,3,16
1.13746,loss,long,11,21,2,4
1.13746,loss,long,11,21,2,4
1.13746,loss,long,11,21,2,4
1.13897,loss,long,11,21,2,12
1.13897,loss,long,11,21,2,12
1.13897,loss,long,11,21,2,12
1.14047,loss,long,11,22,3,0
1.14047,loss,long,11,22,3,0
1.14047,loss,long,11,22,3,0
1.13678,loss,long,11,28,2,16
1.13678,loss,long,11,28,2,16
1.13389,loss,long,12,3,0,4
1.13389,win,long,12,3,0,4
1.13389,loss,long,12,3,0,4
1.13389,win,long,12,3,0,4
1.1367,loss,long,12,3,0,20
1.1367,win,long,12,3,0,20
1.142,win,long,1,6,6,20
1.14346,win,long,12,27,3,8
1.14113,win,long,12,25,1,20
1.14125,win,long,12,25,1,0
1.14275,win,long,12,24,0,8
1.13653,win,long,12,18,1,8
1.13549,win,long,12,17,0,12
1.13698,win,long,12,12,2,20
1.13624,win,long,12,12,2,12
1.13356,win,long,12,11,1,8
1.13835,win,long,12,6,3,12
1.1367,win,long,12,3,0,20
1.14707,loss,short,1,11,4,12
1.14707,win,short,1,11,4,12
1.1454,win,short,1,15,1,8
1.1454,win,short,1,15,1,8
1.13804,loss,long,1,24,3,0
1.13776,loss,short,1,24,3,8
1.13018,loss,short,1,24,3,16
1.14321,win,short,2,4,0,12
1.13018,loss,short,1,24,3,16
1.13292,loss,long,2,12,1,16
1.13292,loss,long,2,12,1,16
1.13322,loss,long,2,13,2,0
1.13322,loss,long,2,13,2,0
1.13084,loss,long,2,18,0,0
1.13084,win,long,2,18,0,0
1.13084,win,long,2,18,0,0
1.13084,loss,long,2,18,0,0
1.13196,win,long,2,19,1,8
1.13196,loss,long,2,19,1,8
1.12715,win,long,3,12,1,8
1.13651,loss,long,3,3,6,20
1.13962,loss,long,3,1,4,8
1.134,loss,long,2,24,6,20
1.13392,loss,long,2,21,3,20
1.13196,loss,long,2,19,1,8
1.13763,loss,short,3,21,3,16
1.12788,win,short,3,22,4,8
1.13763,win,short,3,21,3,16
1.12296,loss,long,4,3,2,8
1.12296,loss,long,4,3,2,8
1.12417,loss,long,4,3,2,16
1.12417,win,long,4,3,2,16
1.12417,win,long,4,3,2,16
1.12284,win,long,4,5,4,4
1.12284,win,long,4,5,4,4
1.12284,win,long,4,5,4,4
1.12284,loss,long,4,5,4,4
1.12611,loss,long,4,8,0,8
1.12611,loss,long,4,8,0,8
1.12611,loss,long,4,8,0,8
1.12764,loss,long,4,10,2,16
1.12764,loss,long,4,10,2,16
1.12764,loss,long,4,10,2,16
1.12841,loss,long,4,12,4,0
1.12841,loss,long,4,12,4,0
1.12841,loss,long,4,12,4,0
1.12841,loss,long,4,12,4,0
1.13063,loss,long,4,17,2,0
1.13063,loss,long,4,17,2,0
1.13063,loss,long,4,17,2,0
1.13063,loss,long,4,17,2,0
1.12541,loss,long,4,18,3,4
1.11607,win,long,6,2,6,12
1.11739,win,long,5,28,1,8
1.11822,win,long,5,23,3,16
1.11576,win,long,5,21,1,12
1.12243,win,long,5,9,3,12
1.11911,win,long,5,9,3,4
1.11896,win,long,5,8,2,20
1.12069,win,long,5,8,2,0
1.11965,win,long,5,6,0,8
1.11799,win,long,5,5,6,12
1.11817,win,long,5,2,3,8
1.12014,win,long,5,1,2,20
1.11842,win,long,4,29,0,16
1.12541,loss,long,4,18,3,4
1.12926,win,short,6,12,2,16
1.12358,win,long,6,19,2,16
1.13269,win,short,7,1,0,0
1.12526,loss,long,7,10,2,12
1.12526,loss,long,7,10,2,12
1.12526,loss,long,7,10,2,12
1.12666,loss,long,7,14,6,12
1.12666,loss,long,7,14,6,12
1.12627,loss,long,7,15,0,20
1.12627,loss,long,7,15,0,20
1.12493,loss,long,7,18,3,16
1.12493,loss,long,7,18,3,16
1.11579,loss,long,7,30,1,16
1.11213,win,long,8,5,0,0
1.11042,win,long,8,4,6,12
1.11579,win,long,7,30,1,16
1.1193,win,short,8,13,1,0
1.11736,win,short,8,13,1,12
1.1193,win,short,8,13,1,0
1.11454,loss,long,8,23,4,12
1.11454,loss,long,8,23,4,12
1.10928,win,short,8,27,1,12
1.10287,loss,long,9,4,2,8
1.10287,loss,long,9,4,2,8
1.10287,loss,long,9,4,2,8
1.10256,loss,long,9,9,0,4
1.10256,loss,long,9,9,0,4
1.10256,loss,long,9,9,0,4
1.10256,loss,long,9,9,0,4
1.10256,loss,long,9,9,0,4
1.10521,loss,long,9,9,0,12
1.10521,loss,long,9,9,0,12
1.09796,win,long,10,9,2,8
1.09591,win,long,10,2,2,12
1.09239,win,long,10,2,2,0
1.09312,win,long,10,1,1,16
1.10602,loss,long,9,20,4,0
1.10553,loss,long,9,19,3,8
1.10329,loss,long,9,18,2,12
1.10659,loss,long,9,17,1,12
1.10738,loss,long,9,12,3,12
1.10521,loss,long,9,9,0,12
1.10357,win,long,10,15,1,12
1.112,loss,long,10,22,1,20
1.112,loss,long,10,22,1,20
1.11322,loss,long,10,23,2,16
1.11107,win,long,10,29,1,12
1.11322,win,long,10,23,2,16
1.1122,win,short,11,4,0,16
1.10474,win,long,11,15,4,8
1.10225,win,long,11,15,4,0
1.10216,win,long,11,14,3,16
1.1062,win,short,11,21,3,16
1.1062,win,short,11,21,3,16
1.10462,win,short,11,22,4,8
1.10462,win,short,11,22,4,8
1.10167,win,long,12,1,6,20
1.10446,loss,short,12,2,0,8
1.10786,loss,long,12,2,0,12
1.10524,loss,short,12,6,4,12
1.10524,loss,short,12,6,4,12
1.10652,loss,short,12,9,0,16
1.10652,loss,short,12,9,0,16
1.10652,loss,short,12,9,0,16
1.10768,loss,short,12,10,1,4
1.11273,win,short,12,19,3,12
1.11157,win,short,12,18,2,8
1.10768,loss,short,12,10,1,4
1.10846,loss,short,12,26,3,4
1.10846,loss,short,12,26,3,4
1.11702,loss,short,1,2,3,12
1.11435,win,short,1,7,1,12
1.11702,win,short,1,2,3,12
1.11239,loss,short,1,13,0,8
1.11239,loss,short,1,13,0,8
1.11313,loss,short,1,14,1,12
1.11007,win,short,1,17,4,8
1.11395,win,short,1,17,4,0
1.11371,win,short,1,16,3,16
1.11292,win,short,1,14,1,20
1.11313,win,short,1,14,1,12
1.10345,loss,long,1,30,3,12
1.10628,win,long,1,31,4,8
1.10345,win,long,1,30,3,12
1.10591,loss,long,2,3,0,16
1.10591,loss,long,2,3,0,16
1.08564,loss,long,2,21,4,12
1.08638,win,long,2,24,0,12
1.08564,win,long,2,21,4,12
1.1364,loss,long,3,11,2,0
1.1364,loss,long,3,11,2,0
1.12926,loss,long,3,12,3,0
1.12926,loss,long,3,12,3,0
1.08814,loss,long,3,24,1,4
1.08814,win,long,3,24,1,4
1.08813,win,long,3,25,2,16
1.08813,win,long,3,25,2,16
1.10232,loss,long,3,31,1,16
1.10232,loss,long,3,31,1,16
1.10232,loss,long,3,31,1,16
1.08839,loss,long,4,7,1,8
1.08839,win,long,4,7,1,8
1.08633,win,long,4,8,2,8
1.08633,win,long,4,8,2,8
1.09222,loss,long,4,9,3,12
1.09222,loss,long,4,9,3,12
1.09148,loss,long,4,13,0,16
1.09148,loss,long,4,13,0,16
1.09148,loss,long,4,13,0,16
1.08292,loss,long,4,22,2,8
1.08292,win,long,4,22,2,8
1.08519,win,long,4,27,0,4
1.08513,win,long,4,29,2,0
1.08253,win,long,4,28,1,16
1.08327,win,long,4,28,1,8
1.08519,win,long,4,27,0,4
1.0904,win,short,5,4,0,16
1.08336,win,long,5,8,4,0
1.08336,loss,long,5,8,4,0
1.08418,loss,long,5,8,4,12
1.08418,loss,long,5,8,4,12
1.08421,loss,long,5,11,0,0
1.08421,loss,long,5,11,0,0
1.08421,loss,long,5,11,0,0
1.08532,loss,long,5,12,1,12
1.08532,loss,long,5,12,1,12
1.08195,win,long,5,18,0,0
1.0914,win,long,5,18,0,12
1.08195,win,long,5,18,0,0
1.08906,loss,short,5,22,4,8
1.08906,loss,short,5,22,4,8
1.12984,loss,short,6,11,3,16
1.12984,win,short,6,11,3,16
1.12722,loss,short,6,16,1,12
1.12722,win,short,6,16,1,12
1.12722,win,short,6,16,1,12
1.12522,win,short,6,24,2,16
1.12522,win,short,6,24,2,16
1.12486,loss,short,6,29,0,16
1.12486,loss,short,6,29,0,16
1.12486,loss,short,6,29,0,16
1.12486,loss,short,6,29,0,16
1.12092,loss,short,6,30,1,4
1.12092,loss,short,6,30,1,4
1.1205,loss,short,7,1,2,4
1.1205,loss,short,7,1,2,4
1.1205,loss,short,7,1,2,4
1.1234,loss,short,7,2,3,12
1.12416,loss,short,7,3,4,8
1.12416,loss,short,7,3,4,8
1.12726,loss,short,7,9,3,20
1.17681,loss,long,8,2,6,20
1.17681,win,long,8,2,6,20
1.17767,win,long,8,4,1,0
1.17767,loss,long,8,4,1,0
1.17981,loss,long,8,4,1,16
1.17981,loss,long,8,4,1,16
1.17451,loss,short,8,11,1,12
1.18053,win,long,8,12,2,8
1.18513,loss,short,8,19,2,16
1.18513,win,short,8,19,2,16
1.17795,loss,short,8,21,4,8
1.17795,loss,short,8,21,4,8
1.18119,loss,short,8,26,2,0
1.18119,loss,short,8,26,2,0
1.18119,loss,short,8,26,2,0
1.17887,loss,short,8,27,3,8
1.17887,loss,short,8,27,3,8
1.18402,loss,short,9,2,2,8
1.18402,win,short,9,2,2,8
1.18497,win,short,9,16,2,0
1.18497,loss,short,9,16,2,0
1.17997,loss,short,9,16,2,12
1.17997,loss,short,9,16,2,12
1.17408,win,short,9,21,0,8
1.17997,win,short,9,16,2,12
1.16983,win,long,9,29,1,4
1.16983,win,long,9,29,1,4
1.17128,loss,long,10,2,4,4
1.17128,win,long,10,2,4,4
1.17128,win,long,10,2,4,4
1.17242,win,long,10,5,0,0
1.17819,win,long,10,19,0,8
1.17639,win,long,10,8,3,16
1.17587,win,long,10,7,2,4
1.17242,win,long,10,5,0,0
1.17988,loss,short,10,23,4,0
1.17988,loss,short,10,23,4,0
1.18129,loss,short,10,26,0,12
1.17801,win,short,10,27,1,16
1.18241,win,short,10,27,1,8
1.18129,win,short,10,26,0,12
1.17115,loss,long,11,3,1,8
1.17085,win,long,11,4,2,8
1.17115,win,long,11,3,1,8
1.18135,loss,short,11,10,1,8
1.18135,win,short,11,10,1,8
1.17523,loss,short,11,11,2,8
1.17523,loss,short,11,11,2,8
1.1807,win,long,11,12,3,16
1.18263,loss,long,11,13,4,4
1.18263,win,long,11,13,4,4
1.18643,win,long,11,24,1,8
1.18744,win,long,11,22,6,20
1.18576,win,long,11,20,4,12
1.18707,win,long,11,19,3,16
1.18273,win,long,11,19,3,4
1.18263,win,long,11,13,4,4
1.19571,win,long,12,1,1,0
1.21385,loss,long,12,9,2,0
1.21385,loss,long,12,9,2,0
1.21252,win,long,12,10,3,12
1.21317,win,long,12,13,6,20
1.21252,win,long,12,10,3,12
1.21988,loss,short,12,21,0,0
1.21988,win,short,12,21,0,0
1.21637,loss,short,12,22,1,16
1.21637,loss,short,12,22,1,16
1.21902,loss,short,12,23,2,16
1.21902,loss,short,12,23,2,16
1.21902,loss,short,12,23,2,16
1.21807,loss,short,12,24,3,12
1.21807,loss,short,12,24,3,12
1.21807,loss,short,12,24,3,12
1.21901,loss,short,12,27,6,16
1.21901,win,short,12,27,6,16
1.22396,win,short,1,3,6,12
1.22396,win,short,1,3,6,12
1.2259,win,short,1,7,3,8
1.2259,win,short,1,7,3,8
1.21638,win,short,1,13,2,8
1.21638,loss,short,1,13,2,8
1.21092,loss,short,1,20,2,12
1.21092,loss,short,1,20,2,12
1.20867,win,short,2,1,0,8
1.21043,win,short,1,28,3,20
1.20682,win,short,1,27,2,8
1.21429,win,short,1,25,0,12
1.21092,win,short,1,20,2,12
1.20375,win,long,2,7,6,12
1.20375,win,long,2,7,6,12
1.205,win,long,2,8,0,12
1.21649,win,long,2,24,2,16
1.21432,win,long,2,19,4,4
1.20862,win,long,2,18,3,20
1.21244,win,long,2,14,6,12
1.205,win,long,2,8,0,12
1.20727,win,short,3,3,2,12
1.20821,win,short,3,3,2,0
1.21139,win,short,2,26,4,4
1.19287,loss,long,3,10,2,20
1.19287,loss,long,3,10,2,20
1.19451,loss,long,3,14,6,12
1.19451,loss,long,3,14,6,12
1.19094,loss,long,3,16,1,8
1.19094,win,long,3,16,1,8
1.19094,loss,long,3,16,1,8
1.19784,loss,long,3,17,2,16
1.19784,loss,long,3,17,2,16
1.19416,loss,long,3,22,0,12
1.19416,loss,long,3,22,0,12
1.1811,win,long,4,5,0,12
1.17484,win,long,4,5,0,0
1.17711,win,long,4,1,3,12
1.19416,loss,long,3,22,0,12
1.19262,win,long,4,13,1,8
1.20413,loss,long,4,19,0,4
1.20148,loss,short,4,22,3,16
1.20148,loss,short,4,22,3,16
1.20664,loss,short,4,28,2,4
1.20664,win,short,4,28,2,4
1.20664,loss,short,4,28,2,4
1.20395,loss,short,4,30,4,8
1.20395,loss,short,4,30,4,8
1.20444,loss,short,5,3,0,20
1.20444,loss,short,5,3,0,20
1.20444,loss,short,5,3,0,20
1.20796,loss,short,5,12,2,12
1.20796,loss,short,5,12,2,12
1.21778,loss,short,5,23,6,12
1.21778,loss,short,5,23,6,12
1.21927,loss,short,5,26,2,12
1.21863,win,short,6,3,3,0
1.21732,win,short,6,2,2,4
1.21902,win,short,5,31,0,4
1.21927,win,short,5,26,2,12
1.21944,loss,long,6,7,0,12
1.21944,loss,long,6,7,0,12
1.21798,loss,long,6,8,1,12
1.21798,loss,long,6,8,1,12
1.21798,loss,long,6,8,1,12
1.21804,loss,long,6,9,2,0
1.21804,loss,long,6,9,2,0
1.21833,loss,long,6,11,4,0
1.21833,loss,long,6,11,4,0
1.19472,loss,long,6,23,2,8
1.19472,loss,long,6,23,2,8
1.19472,loss,long,6,23,2,8
1.19262,win,long,6,24,3,8
1.19262,loss,long,6,24,3,8
1.19453,loss,long,6,25,4,0
1.19234,loss,short,6,28,0,12
1.18619,win,long,7,5,0,8
1.18619,win,long,7,5,0,8
1.18716,win,short,7,5,0,20
1.18395,loss,long,7,6,1,4
1.18292,loss,short,7,6,1,8
1.18292,loss,short,7,6,1,8
1.18363,win,long,7,8,3,20
1.18363,win,long,7,8,3,20
1.18642,loss,long,7,9,4,8
1.18642,loss,long,7,9,4,8
1.18579,loss,long,7,12,0,12
1.18579,loss,long,7,12,0,12
1.18579,loss,long,7,12,0,12
1.18234,loss,long,7,14,2,20
1.18234,loss,long,7,14,2,20
1.18175,loss,long,7,15,3,4
1.18175,loss,long,7,15,3,4
1.17927,loss,long,7,21,2,16
1.18228,win,long,7,27,1,12
1.18077,win,long,7,26,0,8
1.17927,win,long,7,21,2,16
1.18625,loss,short,8,3,1,12
1.18429,win,short,8,4,2,8
1.18625,win,short,8,3,1,12
1.17918,loss,long,8,13,4,8
1.17918,loss,long,8,13,4,8
1.17109,win,short,8,17,1,12
1.17134,win,long,8,23,0,0
1.18457,win,short,9,7,1,12
1.18035,loss,short,9,14,1,4
1.18035,loss,short,9,14,1,4
1.18014,loss,short,9,14,1,16
1.18014,loss,short,9,14,1,16
1.18198,loss,short,9,15,2,16
1.17662,win,short,9,16,3,4
1.18198,win,short,9,15,2,16
1.17466,loss,long,9,23,3,12
1.17466,loss,long,9,23,3,12
1.16056,win,short,10,4,0,20
1.15694,win,short,10,10,6,16
1.15694,loss,short,10,10,6,16
1.1572,loss,short,10,11,0,8
1.1572,loss,short,10,11,0,8
1.1572,loss,short,10,11,0,8
1.15482,loss,short,10,12,1,8
1.15482,loss,short,10,12,1,8
1.15482,loss,short,10,12,1,8
1.15908,loss,short,10,18,0,4
1.15908,loss,short,10,18,0,4
1.16245,loss,short,10,21,3,16
1.16245,win,short,10,21,3,16
1.1561,win,short,11,10,2,8
1.15456,win,short,11,4,3,4
1.15812,win,short,11,2,1,12
1.15591,win,short,10,29,4,12
1.16128,win,short,10,25,0,8
1.16245,win,short,10,21,3,16
1.13587,win,short,11,19,4,0
1.12896,win,long,11,29,0,16
1.12935,win,long,11,26,4,8
1.13008,loss,short,12,2,3,16
1.13008,loss,short,12,2,3,16
1.13245,loss,short,12,3,4,12
1.13245,win,short,12,3,4,12
1.13245,win,short,12,3,4,12
1.13245,loss,short,12,3,4,12
1.12803,loss,short,12,6,0,0
1.12803,loss,short,12,6,0,0
1.12803,loss,short,12,6,0,0
1.12803,loss,short,12,6,0,0
1.12803,loss,short,12,6,0,0
1.12926,loss,short,12,9,3,16
1.12926,loss,short,12,9,3,16
1.12926,loss,short,12,9,3,16
1.12926,loss,short,12,9,3,16
1.12926,loss,short,12,9,3,16
1.12683,loss,short,12,10,4,4
1.13248,loss,short,12,31,4,4
1.13239,loss,short,12,30,3,16
1.13029,loss,short,12,28,1,12
1.12666,loss,short,12,22,2,0
1.12734,loss,short,12,21,1,12
1.12905,loss,short,12,21,1,4
1.12863,loss,short,12,20,0,20
1.12371,loss,short,12,19,6,12
1.12566,loss,short,12,14,1,16
1.12826,loss,short,12,13,0,20
1.12851,loss,short,12,13,0,0
1.12683,loss,short,12,10,4,4
